,objectid,id,datetime,cloruro,SHAPE
0,3,chapo_cap1,2021-10-29 02:34:06,64.91,"{'x': 650765, 'y': 5715261, 'spatialReference': {'wkid': 32718, 'latestWkid': 32718}}"
1,7,chapo_cap1,2021-10-29 02:35:06,66.62,"{'x': 650765, 'y': 5715261, 'spatialReference': {'wkid': 32718, 'latestWkid': 32718}}"
2,11,chapo_cap1,2021-10-29 02:36:06,67.41,"{'x': 650765, 'y': 5715261, 'spatialReference': {'wkid': 32718, 'latestWkid': 32718}}"
3,15,chapo_cap1,2021-10-29 02:37:06,67.68,"{'x': 650765, 'y': 5715261, 'spatialReference': {'wkid': 32718, 'latestWkid': 32718}}"
4,19,chapo_cap1,2021-10-29 02:38:06,67.88,"{'x': 650765, 'y': 5715261, 'spatialReference': {'wkid': 32718, 'latestWkid': 32718}}"
5,23,chapo_cap1,2021-10-29 02:39:06,67.95,"{'x': 650765, 'y': 5715261, 'spatialReference': {'wkid': 32718, 'latestWkid': 32718}}"
6,26,chapo_cap1,2021-10-29 02:40:06,67.95,"{'x': 650765, 'y': 5715261, 'spatialReference': {'wkid': 32718, 'latestWkid': 32718}}"
7,30,chapo_cap1,2021-10-29 02:41:06,67.79,"{'x': 650765, 'y': 5715261, 'spatialReference': {'wkid': 32718, 'latestWkid': 32718}}"
8,34,chapo_cap1,2021-10-29 02:42:06,66.78,"{'x': 650765, 'y': 5715261, 'spatialReference': {'wkid': 32718, 'latestWkid': 32718}}"
9,38,chapo_cap1,2021-10-29 02:43:06,65.96,"{'x': 650765, 'y': 5715261, 'spatialReference': {'wkid': 32718, 'latestWkid': 32718}}"
10,42,chapo_cap1,2021-10-29 02:44:06,65.95,"{'x': 650765, 'y': 5715261, 'spatialReference': {'wkid': 32718, 'latestWkid': 32718}}"
11,46,chapo_cap1,2021-10-29 02:45:06,65.93,"{'x': 650765, 'y': 5715261, 'spatialReference': {'wkid': 32718, 'latestWkid': 32718}}"
12,50,chapo_cap1,2021-10-29 02:46:06,65.68,"{'x': 650765, 'y': 5715261, 'spatialReference': {'wkid': 32718, 'latestWkid': 32718}}"
13,54,chapo_cap1,2021-10-29 02:47:06,65.54,"{'x': 650765, 'y': 5715261, 'spatialReference': {'wkid': 32718, 'latestWkid': 32718}}"
14,58,chapo_cap1,2021-10-29 02:48:06,14.8,"{'x': 650765, 'y': 5715261, 'spatialReference': {'wkid': 32718, 'latestWkid': 32718}}"
15,62,chapo_cap1,2021-10-29 02:49:06,67.11,"{'x': 650765, 'y': 5715261, 'spatialReference': {'wkid': 32718, 'latestWkid': 32718}}"
16,66,chapo_cap1,2021-10-29 02:50:06,68.16,"{'x': 650765, 'y': 5715261, 'spatialReference': {'wkid': 32718, 'latestWkid': 32718}}"
17,70,chapo_cap1,2021-10-29 02:51:06,68.51,"{'x': 650765, 'y': 5715261, 'spatialReference': {'wkid': 32718, 'latestWkid': 32718}}"
18,74,chapo_cap1,2021-10-29 02:52:06,68.94,"{'x': 650765, 'y': 5715261, 'spatialReference': {'wkid': 32718, 'latestWkid': 32718}}"
19,78,chapo_cap1,2021-10-29 02:53:06,69.32,"{'x': 650765, 'y': 5715261, 'spatialReference': {'wkid': 32718, 'latestWkid': 32718}}"
20,82,chapo_cap1,2021-10-29 02:54:06,69.91,"{'x': 650765, 'y': 5715261, 'spatialReference': {'wkid': 32718, 'latestWkid': 32718}}"
21,86,chapo_cap1,2021-10-29 02:55:06,70.37,"{'x': 650765, 'y': 5715261, 'spatialReference': {'wkid': 32718, 'latestWkid': 32718}}"
22,90,chapo_cap1,2021-10-29 02:56:06,70.58,"{'x': 650765, 'y': 5715261, 'spatialReference': {'wkid': 32718, 'latestWkid': 32718}}"
23,94,chapo_cap1,2021-10-29 02:57:06,70.85,"{'x': 650765, 'y': 5715261, 'spatialReference': {'wkid': 32718, 'latestWkid': 32718}}"
24,98,chapo_cap1,2021-10-29 02:58:06,71.01,"{'x': 650765, 'y': 5715261, 'spatialReference': {'wkid': 32718, 'latestWkid': 32718}}"
25,102,chapo_cap1,2021-10-29 02:59:06,71.13,"{'x': 650765, 'y': 5715261, 'spatialReference': {'wkid': 32718, 'latestWkid': 32718}}"
26,106,chapo_cap1,2021-10-29 03:00:06,70.86,"{'x': 650765, 'y': 5715261, 'spatialReference': {'wkid': 32718, 'latestWkid': 32718}}"
27,110,chapo_cap1,2021-10-29 03:01:06,71.84,"{'x': 650765, 'y': 5715261, 'spatialReference': {'wkid': 32718, 'latestWkid': 32718}}"
28,114,chapo_cap1,2021-10-29 03:02:06,73.18,"{'x': 650765, 'y': 5715261, 'spatialReference': {'wkid': 32718, 'latestWkid': 32718}}"
29,118,chapo_cap1,2021-10-29 03:03:06,66.57,"{'x': 650765, 'y': 5715261, 'spatialReference': {'wkid': 32718, 'latestWkid': 32718}}"
30,122,chapo_cap1,2021-10-29 03:04:06,68.41,"{'x': 650765, 'y': 5715261, 'spatialReference': {'wkid': 32718, 'latestWkid': 32718}}"
31,126,chapo_cap1,2021-10-29 03:05:06,69.15,"{'x': 650765, 'y': 5715261, 'spatialReference': {'wkid': 32718, 'latestWkid': 32718}}"
32,130,chapo_cap1,2021-10-29 03:06:06,68.77,"{'x': 650765, 'y': 5715261, 'spatialReference': {'wkid': 32718, 'latestWkid': 32718}}"
33,134,chapo_cap1,2021-10-29 03:07:06,68.82,"{'x': 650765, 'y': 5715261, 'spatialReference': {'wkid': 32718, 'latestWkid': 32718}}"
34,138,chapo_cap1,2021-10-29 03:08:06,68.65,"{'x': 650765, 'y': 5715261, 'spatialReference': {'wkid': 32718, 'latestWkid': 32718}}"
35,142,chapo_cap1,2021-10-29 03:09:06,67.84,"{'x': 650765, 'y': 5715261, 'spatialReference': {'wkid': 32718, 'latestWkid': 32718}}"
36,146,chapo_cap1,2021-10-29 03:00:00,67.69,"{'x': 650765, 'y': 5715261, 'spatialReference': {'wkid': 32718, 'latestWkid': 32718}}"
37,150,chapo_cap1,2021-10-29 03:00:00,67.58,"{'x': 650765, 'y': 5715261, 'spatialReference': {'wkid': 32718, 'latestWkid': 32718}}"
38,154,chapo_cap1,2021-10-29 03:12:06,67.28,"{'x': 650765, 'y': 5715261, 'spatialReference': {'wkid': 32718, 'latestWkid': 32718}}"
39,158,chapo_cap1,2021-10-29 03:13:06,66.89,"{'x': 650765, 'y': 5715261, 'spatialReference': {'wkid': 32718, 'latestWkid': 32718}}"
40,162,chapo_cap1,2021-10-29 03:14:06,66.93,"{'x': 650765, 'y': 5715261, 'spatialReference': {'wkid': 32718, 'latestWkid': 32718}}"
41,166,chapo_cap1,2021-10-29 03:15:06,66.75,"{'x': 650765, 'y': 5715261, 'spatialReference': {'wkid': 32718, 'latestWkid': 32718}}"
42,170,chapo_cap1,2021-10-29 03:16:06,66.76,"{'x': 650765, 'y': 5715261, 'spatialReference': {'wkid': 32718, 'latestWkid': 32718}}"
43,174,chapo_cap1,2021-10-29 03:17:06,66.77,"{'x': 650765, 'y': 5715261, 'spatialReference': {'wkid': 32718, 'latestWkid': 32718}}"
44,178,chapo_cap1,2021-10-29 03:18:06,61.9,"{'x': 650765, 'y': 5715261, 'spatialReference': {'wkid': 32718, 'latestWkid': 32718}}"
45,182,chapo_cap1,2021-10-29 03:19:06,63.97,"{'x': 650765, 'y': 5715261, 'spatialReference': {'wkid': 32718, 'latestWkid': 32718}}"
46,186,chapo_cap1,2021-10-29 03:20:06,65.29,"{'x': 650765, 'y': 5715261, 'spatialReference': {'wkid': 32718, 'latestWkid': 32718}}"
47,190,chapo_cap1,2021-10-29 03:21:06,66.33,"{'x': 650765, 'y': 5715261, 'spatialReference': {'wkid': 32718, 'latestWkid': 32718}}"
48,194,chapo_cap1,2021-10-29 03:22:06,66.67,"{'x': 650765, 'y': 5715261, 'spatialReference': {'wkid': 32718, 'latestWkid': 32718}}"
49,198,chapo_cap1,2021-10-29 03:23:06,66.65,"{'x': 650765, 'y': 5715261, 'spatialReference': {'wkid': 32718, 'latestWkid': 32718}}"
50,202,chapo_cap1,2021-10-29 03:24:06,66.51,"{'x': 650765, 'y': 5715261, 'spatialReference': {'wkid': 32718, 'latestWkid': 32718}}"
51,206,chapo_cap1,2021-10-29 03:25:06,66.22,"{'x': 650765, 'y': 5715261, 'spatialReference': {'wkid': 32718, 'latestWkid': 32718}}"
52,210,chapo_cap1,2021-10-29 03:26:06,65.66,"{'x': 650765, 'y': 5715261, 'spatialReference': {'wkid': 32718, 'latestWkid': 32718}}"
53,214,chapo_cap1,2021-10-29 03:27:06,65.42,"{'x': 650765, 'y': 5715261, 'spatialReference': {'wkid': 32718, 'latestWkid': 32718}}"
54,218,chapo_cap1,2021-10-29 03:28:06,65.17,"{'x': 650765, 'y': 5715261, 'spatialReference': {'wkid': 32718, 'latestWkid': 32718}}"
55,222,chapo_cap1,2021-10-29 03:29:06,65.01,"{'x': 650765, 'y': 5715261, 'spatialReference': {'wkid': 32718, 'latestWkid': 32718}}"
56,226,chapo_cap1,2021-10-29 03:30:06,64.93,"{'x': 650765, 'y': 5715261, 'spatialReference': {'wkid': 32718, 'latestWkid': 32718}}"
57,230,chapo_cap1,2021-10-29 03:31:06,65.11,"{'x': 650765, 'y': 5715261, 'spatialReference': {'wkid': 32718, 'latestWkid': 32718}}"
58,234,chapo_cap1,2021-10-29 03:32:06,64.82,"{'x': 650765, 'y': 5715261, 'spatialReference': {'wkid': 32718, 'latestWkid': 32718}}"
59,238,chapo_cap1,2021-10-29 03:33:06,14.75,"{'x': 650765, 'y': 5715261, 'spatialReference': {'wkid': 32718, 'latestWkid': 32718}}"
60,242,chapo_cap1,2021-10-29 03:34:06,65.32,"{'x': 650765, 'y': 5715261, 'spatialReference': {'wkid': 32718, 'latestWkid': 32718}}"
61,246,chapo_cap1,2021-10-29 03:35:06,65.87,"{'x': 650765, 'y': 5715261, 'spatialReference': {'wkid': 32718, 'latestWkid': 32718}}"
62,250,chapo_cap1,2021-10-29 03:36:06,65.93,"{'x': 650765, 'y': 5715261, 'spatialReference': {'wkid': 32718, 'latestWkid': 32718}}"
63,254,chapo_cap1,2021-10-29 03:37:06,65.95,"{'x': 650765, 'y': 5715261, 'spatialReference': {'wkid': 32718, 'latestWkid': 32718}}"
64,258,chapo_cap1,2021-10-29 03:38:06,65.71,"{'x': 650765, 'y': 5715261, 'spatialReference': {'wkid': 32718, 'latestWkid': 32718}}"
65,262,chapo_cap1,2021-10-29 03:39:06,65.57,"{'x': 650765, 'y': 5715261, 'spatialReference': {'wkid': 32718, 'latestWkid': 32718}}"
66,266,chapo_cap1,2021-10-29 03:40:06,65.44,"{'x': 650765, 'y': 5715261, 'spatialReference': {'wkid': 32718, 'latestWkid': 32718}}"
67,269,chapo_cap1,2021-10-29 03:41:06,65.34,"{'x': 650765, 'y': 5715261, 'spatialReference': {'wkid': 32718, 'latestWkid': 32718}}"
68,273,chapo_cap1,2021-10-29 03:42:06,65.67,"{'x': 650765, 'y': 5715261, 'spatialReference': {'wkid': 32718, 'latestWkid': 32718}}"
69,277,chapo_cap1,2021-10-29 03:43:06,65.69,"{'x': 650765, 'y': 5715261, 'spatialReference': {'wkid': 32718, 'latestWkid': 32718}}"
70,281,chapo_cap1,2021-10-29 03:44:06,66.05,"{'x': 650765, 'y': 5715261, 'spatialReference': {'wkid': 32718, 'latestWkid': 32718}}"
71,285,chapo_cap1,2021-10-29 03:45:06,65.94,"{'x': 650765, 'y': 5715261, 'spatialReference': {'wkid': 32718, 'latestWkid': 32718}}"
72,289,chapo_cap1,2021-10-29 03:46:06,65.68,"{'x': 650765, 'y': 5715261, 'spatialReference': {'wkid': 32718, 'latestWkid': 32718}}"
73,293,chapo_cap1,2021-10-29 03:47:06,65.16,"{'x': 650765, 'y': 5715261, 'spatialReference': {'wkid': 32718, 'latestWkid': 32718}}"
74,297,chapo_cap1,2021-10-29 03:48:06,63.97,"{'x': 650765, 'y': 5715261, 'spatialReference': {'wkid': 32718, 'latestWkid': 32718}}"
75,301,chapo_cap1,2021-10-29 03:49:06,66.91,"{'x': 650765, 'y': 5715261, 'spatialReference': {'wkid': 32718, 'latestWkid': 32718}}"
76,305,chapo_cap1,2021-10-29 03:50:06,68.21,"{'x': 650765, 'y': 5715261, 'spatialReference': {'wkid': 32718, 'latestWkid': 32718}}"
77,311,chapo_cap1,2021-10-29 03:51:06,69.26,"{'x': 650765, 'y': 5715261, 'spatialReference': {'wkid': 32718, 'latestWkid': 32718}}"
78,315,chapo_cap1,2021-10-29 03:52:06,70.15,"{'x': 650765, 'y': 5715261, 'spatialReference': {'wkid': 32718, 'latestWkid': 32718}}"
79,319,chapo_cap1,2021-10-29 03:53:06,70.69,"{'x': 650765, 'y': 5715261, 'spatialReference': {'wkid': 32718, 'latestWkid': 32718}}"
80,323,chapo_cap1,2021-10-29 03:54:06,72.66,"{'x': 650765, 'y': 5715261, 'spatialReference': {'wkid': 32718, 'latestWkid': 32718}}"
81,327,chapo_cap1,2021-10-29 03:55:06,73.1,"{'x': 650765, 'y': 5715261, 'spatialReference': {'wkid': 32718, 'latestWkid': 32718}}"
82,331,chapo_cap1,2021-10-29 03:56:06,73.43,"{'x': 650765, 'y': 5715261, 'spatialReference': {'wkid': 32718, 'latestWkid': 32718}}"
83,335,chapo_cap1,2021-10-29 03:57:06,73.68,"{'x': 650765, 'y': 5715261, 'spatialReference': {'wkid': 32718, 'latestWkid': 32718}}"
84,339,chapo_cap1,2021-10-29 03:58:06,73.99,"{'x': 650765, 'y': 5715261, 'spatialReference': {'wkid': 32718, 'latestWkid': 32718}}"
85,343,chapo_cap1,2021-10-29 03:59:06,74.17,"{'x': 650765, 'y': 5715261, 'spatialReference': {'wkid': 32718, 'latestWkid': 32718}}"
86,347,chapo_cap1,2021-10-29 04:00:06,74.44,"{'x': 650765, 'y': 5715261, 'spatialReference': {'wkid': 32718, 'latestWkid': 32718}}"
87,351,chapo_cap1,2021-10-29 04:01:06,74.5,"{'x': 650765, 'y': 5715261, 'spatialReference': {'wkid': 32718, 'latestWkid': 32718}}"
88,355,chapo_cap1,2021-10-29 04:02:06,74.67,"{'x': 650765, 'y': 5715261, 'spatialReference': {'wkid': 32718, 'latestWkid': 32718}}"
89,359,chapo_cap1,2021-10-29 04:03:06,67.09,"{'x': 650765, 'y': 5715261, 'spatialReference': {'wkid': 32718, 'latestWkid': 32718}}"
90,363,chapo_cap1,2021-10-29 04:04:06,68.88,"{'x': 650765, 'y': 5715261, 'spatialReference': {'wkid': 32718, 'latestWkid': 32718}}"
91,367,chapo_cap1,2021-10-29 04:05:06,69.76,"{'x': 650765, 'y': 5715261, 'spatialReference': {'wkid': 32718, 'latestWkid': 32718}}"
92,371,chapo_cap1,2021-10-29 04:06:06,69.53,"{'x': 650765, 'y': 5715261, 'spatialReference': {'wkid': 32718, 'latestWkid': 32718}}"
93,375,chapo_cap1,2021-10-29 04:07:06,69.36,"{'x': 650765, 'y': 5715261, 'spatialReference': {'wkid': 32718, 'latestWkid': 32718}}"
94,379,chapo_cap1,2021-10-29 04:08:06,69.37,"{'x': 650765, 'y': 5715261, 'spatialReference': {'wkid': 32718, 'latestWkid': 32718}}"
95,383,chapo_cap1,2021-10-29 04:09:06,69.19,"{'x': 650765, 'y': 5715261, 'spatialReference': {'wkid': 32718, 'latestWkid': 32718}}"
96,387,chapo_cap1,2021-10-29 04:00:00,69.07,"{'x': 650765, 'y': 5715261, 'spatialReference': {'wkid': 32718, 'latestWkid': 32718}}"
97,391,chapo_cap1,2021-10-29 04:00:00,68.85,"{'x': 650765, 'y': 5715261, 'spatialReference': {'wkid': 32718, 'latestWkid': 32718}}"
98,395,chapo_cap1,2021-10-29 04:12:06,68.42,"{'x': 650765, 'y': 5715261, 'spatialReference': {'wkid': 32718, 'latestWkid': 32718}}"
99,399,chapo_cap1,2021-10-29 04:13:06,67.15,"{'x': 650765, 'y': 5715261, 'spatialReference': {'wkid': 32718, 'latestWkid': 32718}}"
100,403,chapo_cap1,2021-10-29 04:14:06,67.12,"{'x': 650765, 'y': 5715261, 'spatialReference': {'wkid': 32718, 'latestWkid': 32718}}"
101,407,chapo_cap1,2021-10-29 04:15:06,67.2,"{'x': 650765, 'y': 5715261, 'spatialReference': {'wkid': 32718, 'latestWkid': 32718}}"
102,411,chapo_cap1,2021-10-29 04:16:06,67.02,"{'x': 650765, 'y': 5715261, 'spatialReference': {'wkid': 32718, 'latestWkid': 32718}}"
103,415,chapo_cap1,2021-10-29 04:17:06,66.65,"{'x': 650765, 'y': 5715261, 'spatialReference': {'wkid': 32718, 'latestWkid': 32718}}"
104,419,chapo_cap1,2021-10-29 04:18:06,66.68,"{'x': 650765, 'y': 5715261, 'spatialReference': {'wkid': 32718, 'latestWkid': 32718}}"
105,423,chapo_cap1,2021-10-29 04:19:06,63.74,"{'x': 650765, 'y': 5715261, 'spatialReference': {'wkid': 32718, 'latestWkid': 32718}}"
106,427,chapo_cap1,2021-10-29 04:20:06,68.16,"{'x': 650765, 'y': 5715261, 'spatialReference': {'wkid': 32718, 'latestWkid': 32718}}"
107,431,chapo_cap1,2021-10-29 04:21:06,69.14,"{'x': 650765, 'y': 5715261, 'spatialReference': {'wkid': 32718, 'latestWkid': 32718}}"
108,435,chapo_cap1,2021-10-29 04:22:06,70.06,"{'x': 650765, 'y': 5715261, 'spatialReference': {'wkid': 32718, 'latestWkid': 32718}}"
109,439,chapo_cap1,2021-10-29 04:23:06,70.63,"{'x': 650765, 'y': 5715261, 'spatialReference': {'wkid': 32718, 'latestWkid': 32718}}"
110,443,chapo_cap1,2021-10-29 04:24:06,71.07,"{'x': 650765, 'y': 5715261, 'spatialReference': {'wkid': 32718, 'latestWkid': 32718}}"
111,447,chapo_cap1,2021-10-29 04:25:06,71.51,"{'x': 650765, 'y': 5715261, 'spatialReference': {'wkid': 32718, 'latestWkid': 32718}}"
112,450,chapo_cap1,2021-10-29 04:26:06,71.98,"{'x': 650765, 'y': 5715261, 'spatialReference': {'wkid': 32718, 'latestWkid': 32718}}"
113,454,chapo_cap1,2021-10-29 04:27:06,72.67,"{'x': 650765, 'y': 5715261, 'spatialReference': {'wkid': 32718, 'latestWkid': 32718}}"
114,458,chapo_cap1,2021-10-29 04:28:06,73.36,"{'x': 650765, 'y': 5715261, 'spatialReference': {'wkid': 32718, 'latestWkid': 32718}}"
115,462,chapo_cap1,2021-10-29 04:29:06,73.79,"{'x': 650765, 'y': 5715261, 'spatialReference': {'wkid': 32718, 'latestWkid': 32718}}"
116,466,chapo_cap1,2021-10-29 04:30:06,74.25,"{'x': 650765, 'y': 5715261, 'spatialReference': {'wkid': 32718, 'latestWkid': 32718}}"
117,470,chapo_cap1,2021-10-29 04:31:06,74.36,"{'x': 650765, 'y': 5715261, 'spatialReference': {'wkid': 32718, 'latestWkid': 32718}}"
118,474,chapo_cap1,2021-10-29 04:32:06,74.76,"{'x': 650765, 'y': 5715261, 'spatialReference': {'wkid': 32718, 'latestWkid': 32718}}"
119,478,chapo_cap1,2021-10-29 04:33:06,69.09,"{'x': 650765, 'y': 5715261, 'spatialReference': {'wkid': 32718, 'latestWkid': 32718}}"
120,482,chapo_cap1,2021-10-29 04:34:06,71.55,"{'x': 650765, 'y': 5715261, 'spatialReference': {'wkid': 32718, 'latestWkid': 32718}}"
121,486,chapo_cap1,2021-10-29 04:35:06,72.47,"{'x': 650765, 'y': 5715261, 'spatialReference': {'wkid': 32718, 'latestWkid': 32718}}"
122,490,chapo_cap1,2021-10-29 04:36:06,72.79,"{'x': 650765, 'y': 5715261, 'spatialReference': {'wkid': 32718, 'latestWkid': 32718}}"
123,494,chapo_cap1,2021-10-29 04:37:06,73.12,"{'x': 650765, 'y': 5715261, 'spatialReference': {'wkid': 32718, 'latestWkid': 32718}}"
124,498,chapo_cap1,2021-10-29 04:38:06,72.93,"{'x': 650765, 'y': 5715261, 'spatialReference': {'wkid': 32718, 'latestWkid': 32718}}"
125,502,chapo_cap1,2021-10-29 04:39:06,72.28,"{'x': 650765, 'y': 5715261, 'spatialReference': {'wkid': 32718, 'latestWkid': 32718}}"
126,506,chapo_cap1,2021-10-29 04:40:06,72.19,"{'x': 650765, 'y': 5715261, 'spatialReference': {'wkid': 32718, 'latestWkid': 32718}}"
127,510,chapo_cap1,2021-10-29 04:41:06,72.07,"{'x': 650765, 'y': 5715261, 'spatialReference': {'wkid': 32718, 'latestWkid': 32718}}"
128,513,chapo_cap1,2021-10-29 04:42:06,72.13,"{'x': 650765, 'y': 5715261, 'spatialReference': {'wkid': 32718, 'latestWkid': 32718}}"
129,517,chapo_cap1,2021-10-29 04:43:06,72.1,"{'x': 650765, 'y': 5715261, 'spatialReference': {'wkid': 32718, 'latestWkid': 32718}}"
130,521,chapo_cap1,2021-10-29 04:44:06,71.9,"{'x': 650765, 'y': 5715261, 'spatialReference': {'wkid': 32718, 'latestWkid': 32718}}"
131,525,chapo_cap1,2021-10-29 04:45:06,71.47,"{'x': 650765, 'y': 5715261, 'spatialReference': {'wkid': 32718, 'latestWkid': 32718}}"
132,529,chapo_cap1,2021-10-29 04:46:06,70.99,"{'x': 650765, 'y': 5715261, 'spatialReference': {'wkid': 32718, 'latestWkid': 32718}}"
133,533,chapo_cap1,2021-10-29 04:47:06,70.53,"{'x': 650765, 'y': 5715261, 'spatialReference': {'wkid': 32718, 'latestWkid': 32718}}"
134,537,chapo_cap1,2021-10-29 04:48:06,62.92,"{'x': 650765, 'y': 5715261, 'spatialReference': {'wkid': 32718, 'latestWkid': 32718}}"
135,541,chapo_cap1,2021-10-29 04:49:06,67.38,"{'x': 650765, 'y': 5715261, 'spatialReference': {'wkid': 32718, 'latestWkid': 32718}}"
136,545,chapo_cap1,2021-10-29 04:50:06,69.08,"{'x': 650765, 'y': 5715261, 'spatialReference': {'wkid': 32718, 'latestWkid': 32718}}"
137,549,chapo_cap1,2021-10-29 04:51:06,70.06,"{'x': 650765, 'y': 5715261, 'spatialReference': {'wkid': 32718, 'latestWkid': 32718}}"
138,552,chapo_cap1,2021-10-29 04:52:06,71.59,"{'x': 650765, 'y': 5715261, 'spatialReference': {'wkid': 32718, 'latestWkid': 32718}}"
139,556,chapo_cap1,2021-10-29 04:53:06,71.87,"{'x': 650765, 'y': 5715261, 'spatialReference': {'wkid': 32718, 'latestWkid': 32718}}"
140,560,chapo_cap1,2021-10-29 04:54:06,72.11,"{'x': 650765, 'y': 5715261, 'spatialReference': {'wkid': 32718, 'latestWkid': 32718}}"
141,564,chapo_cap1,2021-10-29 04:55:06,72.22,"{'x': 650765, 'y': 5715261, 'spatialReference': {'wkid': 32718, 'latestWkid': 32718}}"
142,568,chapo_cap1,2021-10-29 04:56:06,72.36,"{'x': 650765, 'y': 5715261, 'spatialReference': {'wkid': 32718, 'latestWkid': 32718}}"
143,572,chapo_cap1,2021-10-29 04:57:06,72.77,"{'x': 650765, 'y': 5715261, 'spatialReference': {'wkid': 32718, 'latestWkid': 32718}}"
144,576,chapo_cap1,2021-10-29 04:58:06,72.67,"{'x': 650765, 'y': 5715261, 'spatialReference': {'wkid': 32718, 'latestWkid': 32718}}"
145,580,chapo_cap1,2021-10-29 04:59:06,71.8,"{'x': 650765, 'y': 5715261, 'spatialReference': {'wkid': 32718, 'latestWkid': 32718}}"
146,584,chapo_cap1,2021-10-29 05:00:06,71.95,"{'x': 650765, 'y': 5715261, 'spatialReference': {'wkid': 32718, 'latestWkid': 32718}}"
147,588,chapo_cap1,2021-10-29 05:01:06,71.88,"{'x': 650765, 'y': 5715261, 'spatialReference': {'wkid': 32718, 'latestWkid': 32718}}"
148,592,chapo_cap1,2021-10-29 05:02:06,72.33,"{'x': 650765, 'y': 5715261, 'spatialReference': {'wkid': 32718, 'latestWkid': 32718}}"
149,596,chapo_cap1,2021-10-29 05:03:06,72.6,"{'x': 650765, 'y': 5715261, 'spatialReference': {'wkid': 32718, 'latestWkid': 32718}}"
150,600,chapo_cap1,2021-10-29 05:04:06,67.11,"{'x': 650765, 'y': 5715261, 'spatialReference': {'wkid': 32718, 'latestWkid': 32718}}"
151,604,chapo_cap1,2021-10-29 05:05:06,69.67,"{'x': 650765, 'y': 5715261, 'spatialReference': {'wkid': 32718, 'latestWkid': 32718}}"
152,608,chapo_cap1,2021-10-29 05:06:06,69.98,"{'x': 650765, 'y': 5715261, 'spatialReference': {'wkid': 32718, 'latestWkid': 32718}}"
153,612,chapo_cap1,2021-10-29 05:07:06,70.64,"{'x': 650765, 'y': 5715261, 'spatialReference': {'wkid': 32718, 'latestWkid': 32718}}"
154,616,chapo_cap1,2021-10-29 05:08:06,71.8,"{'x': 650765, 'y': 5715261, 'spatialReference': {'wkid': 32718, 'latestWkid': 32718}}"
155,620,chapo_cap1,2021-10-29 05:09:06,72.41,"{'x': 650765, 'y': 5715261, 'spatialReference': {'wkid': 32718, 'latestWkid': 32718}}"
156,625,chapo_cap1,2021-10-29 05:00:00,72.74,"{'x': 650765, 'y': 5715261, 'spatialReference': {'wkid': 32718, 'latestWkid': 32718}}"
157,628,chapo_cap1,2021-10-29 05:00:00,72.73,"{'x': 650765, 'y': 5715261, 'spatialReference': {'wkid': 32718, 'latestWkid': 32718}}"
158,632,chapo_cap1,2021-10-29 05:12:06,72.19,"{'x': 650765, 'y': 5715261, 'spatialReference': {'wkid': 32718, 'latestWkid': 32718}}"
159,636,chapo_cap1,2021-10-29 05:13:06,72.44,"{'x': 650765, 'y': 5715261, 'spatialReference': {'wkid': 32718, 'latestWkid': 32718}}"
160,640,chapo_cap1,2021-10-29 05:14:06,72.66,"{'x': 650765, 'y': 5715261, 'spatialReference': {'wkid': 32718, 'latestWkid': 32718}}"
161,645,chapo_cap1,2021-10-29 05:15:06,72.23,"{'x': 650765, 'y': 5715261, 'spatialReference': {'wkid': 32718, 'latestWkid': 32718}}"
162,648,chapo_cap1,2021-10-29 05:16:06,72.27,"{'x': 650765, 'y': 5715261, 'spatialReference': {'wkid': 32718, 'latestWkid': 32718}}"
163,652,chapo_cap1,2021-10-29 05:17:06,72.2,"{'x': 650765, 'y': 5715261, 'spatialReference': {'wkid': 32718, 'latestWkid': 32718}}"
164,656,chapo_cap1,2021-10-29 05:18:06,67.56,"{'x': 650765, 'y': 5715261, 'spatialReference': {'wkid': 32718, 'latestWkid': 32718}}"
165,660,chapo_cap1,2021-10-29 05:19:06,69.39,"{'x': 650765, 'y': 5715261, 'spatialReference': {'wkid': 32718, 'latestWkid': 32718}}"
166,664,chapo_cap1,2021-10-29 05:20:06,69.93,"{'x': 650765, 'y': 5715261, 'spatialReference': {'wkid': 32718, 'latestWkid': 32718}}"
167,668,chapo_cap1,2021-10-29 05:21:06,71.09,"{'x': 650765, 'y': 5715261, 'spatialReference': {'wkid': 32718, 'latestWkid': 32718}}"
168,672,chapo_cap1,2021-10-29 05:22:06,72.04,"{'x': 650765, 'y': 5715261, 'spatialReference': {'wkid': 32718, 'latestWkid': 32718}}"
169,676,chapo_cap1,2021-10-29 05:23:06,72.8,"{'x': 650765, 'y': 5715261, 'spatialReference': {'wkid': 32718, 'latestWkid': 32718}}"
170,680,chapo_cap1,2021-10-29 05:24:06,73.5,"{'x': 650765, 'y': 5715261, 'spatialReference': {'wkid': 32718, 'latestWkid': 32718}}"
171,684,chapo_cap1,2021-10-29 05:25:07,74.35,"{'x': 650765, 'y': 5715261, 'spatialReference': {'wkid': 32718, 'latestWkid': 32718}}"
172,688,chapo_cap1,2021-10-29 05:26:06,74.72,"{'x': 650765, 'y': 5715261, 'spatialReference': {'wkid': 32718, 'latestWkid': 32718}}"
173,692,chapo_cap1,2021-10-29 05:27:06,75.07,"{'x': 650765, 'y': 5715261, 'spatialReference': {'wkid': 32718, 'latestWkid': 32718}}"
174,696,chapo_cap1,2021-10-29 05:28:06,75.18,"{'x': 650765, 'y': 5715261, 'spatialReference': {'wkid': 32718, 'latestWkid': 32718}}"
175,700,chapo_cap1,2021-10-29 05:29:06,75.04,"{'x': 650765, 'y': 5715261, 'spatialReference': {'wkid': 32718, 'latestWkid': 32718}}"
176,704,chapo_cap1,2021-10-29 05:30:07,75.26,"{'x': 650765, 'y': 5715261, 'spatialReference': {'wkid': 32718, 'latestWkid': 32718}}"
177,708,chapo_cap1,2021-10-29 05:31:06,75.55,"{'x': 650765, 'y': 5715261, 'spatialReference': {'wkid': 32718, 'latestWkid': 32718}}"
178,712,chapo_cap1,2021-10-29 05:32:06,75.56,"{'x': 650765, 'y': 5715261, 'spatialReference': {'wkid': 32718, 'latestWkid': 32718}}"
179,716,chapo_cap1,2021-10-29 05:33:06,69.25,"{'x': 650765, 'y': 5715261, 'spatialReference': {'wkid': 32718, 'latestWkid': 32718}}"
180,720,chapo_cap1,2021-10-29 05:34:06,70.32,"{'x': 650765, 'y': 5715261, 'spatialReference': {'wkid': 32718, 'latestWkid': 32718}}"
181,724,chapo_cap1,2021-10-29 05:35:06,71.59,"{'x': 650765, 'y': 5715261, 'spatialReference': {'wkid': 32718, 'latestWkid': 32718}}"
182,728,chapo_cap1,2021-10-29 05:36:06,72.17,"{'x': 650765, 'y': 5715261, 'spatialReference': {'wkid': 32718, 'latestWkid': 32718}}"
183,732,chapo_cap1,2021-10-29 05:37:06,72.47,"{'x': 650765, 'y': 5715261, 'spatialReference': {'wkid': 32718, 'latestWkid': 32718}}"
184,736,chapo_cap1,2021-10-29 05:38:06,73.23,"{'x': 650765, 'y': 5715261, 'spatialReference': {'wkid': 32718, 'latestWkid': 32718}}"
185,740,chapo_cap1,2021-10-29 05:39:06,72.58,"{'x': 650765, 'y': 5715261, 'spatialReference': {'wkid': 32718, 'latestWkid': 32718}}"
186,744,chapo_cap1,2021-10-29 05:40:06,72.34,"{'x': 650765, 'y': 5715261, 'spatialReference': {'wkid': 32718, 'latestWkid': 32718}}"
187,748,chapo_cap1,2021-10-29 05:41:06,68.13,"{'x': 650765, 'y': 5715261, 'spatialReference': {'wkid': 32718, 'latestWkid': 32718}}"
188,752,chapo_cap1,2021-10-29 05:42:06,67.47,"{'x': 650765, 'y': 5715261, 'spatialReference': {'wkid': 32718, 'latestWkid': 32718}}"
189,756,chapo_cap1,2021-10-29 05:43:06,66.51,"{'x': 650765, 'y': 5715261, 'spatialReference': {'wkid': 32718, 'latestWkid': 32718}}"
190,760,chapo_cap1,2021-10-29 05:44:06,64.72,"{'x': 650765, 'y': 5715261, 'spatialReference': {'wkid': 32718, 'latestWkid': 32718}}"
191,764,chapo_cap1,2021-10-29 05:45:07,63.51,"{'x': 650765, 'y': 5715261, 'spatialReference': {'wkid': 32718, 'latestWkid': 32718}}"
192,768,chapo_cap1,2021-10-29 05:46:06,62.3,"{'x': 650765, 'y': 5715261, 'spatialReference': {'wkid': 32718, 'latestWkid': 32718}}"
193,772,chapo_cap1,2021-10-29 05:47:06,61.3,"{'x': 650765, 'y': 5715261, 'spatialReference': {'wkid': 32718, 'latestWkid': 32718}}"
194,776,chapo_cap1,2021-10-29 05:48:06,60.81,"{'x': 650765, 'y': 5715261, 'spatialReference': {'wkid': 32718, 'latestWkid': 32718}}"
195,780,chapo_cap1,2021-10-29 05:49:06,57.44,"{'x': 650765, 'y': 5715261, 'spatialReference': {'wkid': 32718, 'latestWkid': 32718}}"
196,784,chapo_cap1,2021-10-29 05:50:06,61.83,"{'x': 650765, 'y': 5715261, 'spatialReference': {'wkid': 32718, 'latestWkid': 32718}}"
197,788,chapo_cap1,2021-10-29 05:51:06,64.34,"{'x': 650765, 'y': 5715261, 'spatialReference': {'wkid': 32718, 'latestWkid': 32718}}"
198,792,chapo_cap1,2021-10-29 05:52:06,64.87,"{'x': 650765, 'y': 5715261, 'spatialReference': {'wkid': 32718, 'latestWkid': 32718}}"
199,796,chapo_cap1,2021-10-29 05:53:06,65.07,"{'x': 650765, 'y': 5715261, 'spatialReference': {'wkid': 32718, 'latestWkid': 32718}}"
200,800,chapo_cap1,2021-10-29 05:54:06,65.32,"{'x': 650765, 'y': 5715261, 'spatialReference': {'wkid': 32718, 'latestWkid': 32718}}"
201,804,chapo_cap1,2021-10-29 05:55:06,65.8,"{'x': 650765, 'y': 5715261, 'spatialReference': {'wkid': 32718, 'latestWkid': 32718}}"
202,808,chapo_cap1,2021-10-29 05:56:06,65.82,"{'x': 650765, 'y': 5715261, 'spatialReference': {'wkid': 32718, 'latestWkid': 32718}}"
203,812,chapo_cap1,2021-10-29 05:57:06,65.26,"{'x': 650765, 'y': 5715261, 'spatialReference': {'wkid': 32718, 'latestWkid': 32718}}"
204,816,chapo_cap1,2021-10-29 05:58:06,65.0,"{'x': 650765, 'y': 5715261, 'spatialReference': {'wkid': 32718, 'latestWkid': 32718}}"
205,820,chapo_cap1,2021-10-29 05:59:06,64.81,"{'x': 650765, 'y': 5715261, 'spatialReference': {'wkid': 32718, 'latestWkid': 32718}}"
206,824,chapo_cap1,2021-10-29 06:00:06,64.71,"{'x': 650765, 'y': 5715261, 'spatialReference': {'wkid': 32718, 'latestWkid': 32718}}"
207,828,chapo_cap1,2021-10-29 06:01:06,64.73,"{'x': 650765, 'y': 5715261, 'spatialReference': {'wkid': 32718, 'latestWkid': 32718}}"
208,832,chapo_cap1,2021-10-29 06:02:06,65.37,"{'x': 650765, 'y': 5715261, 'spatialReference': {'wkid': 32718, 'latestWkid': 32718}}"
209,836,chapo_cap1,2021-10-29 06:03:06,65.78,"{'x': 650765, 'y': 5715261, 'spatialReference': {'wkid': 32718, 'latestWkid': 32718}}"
210,840,chapo_cap1,2021-10-29 06:04:06,58.15,"{'x': 650765, 'y': 5715261, 'spatialReference': {'wkid': 32718, 'latestWkid': 32718}}"
211,845,chapo_cap1,2021-10-29 06:05:06,58.24,"{'x': 650765, 'y': 5715261, 'spatialReference': {'wkid': 32718, 'latestWkid': 32718}}"
212,852,chapo_cap1,2021-10-29 06:06:06,58.43,"{'x': 650765, 'y': 5715261, 'spatialReference': {'wkid': 32718, 'latestWkid': 32718}}"
213,856,chapo_cap1,2021-10-29 06:07:06,59.0,"{'x': 650765, 'y': 5715261, 'spatialReference': {'wkid': 32718, 'latestWkid': 32718}}"
214,860,chapo_cap1,2021-10-29 06:08:06,59.34,"{'x': 650765, 'y': 5715261, 'spatialReference': {'wkid': 32718, 'latestWkid': 32718}}"
215,864,chapo_cap1,2021-10-29 06:09:06,59.08,"{'x': 650765, 'y': 5715261, 'spatialReference': {'wkid': 32718, 'latestWkid': 32718}}"
216,868,chapo_cap1,2021-10-29 06:00:00,58.88,"{'x': 650765, 'y': 5715261, 'spatialReference': {'wkid': 32718, 'latestWkid': 32718}}"
217,872,chapo_cap1,2021-10-29 06:00:00,58.7,"{'x': 650765, 'y': 5715261, 'spatialReference': {'wkid': 32718, 'latestWkid': 32718}}"
218,876,chapo_cap1,2021-10-29 06:12:06,58.59,"{'x': 650765, 'y': 5715261, 'spatialReference': {'wkid': 32718, 'latestWkid': 32718}}"
219,880,chapo_cap1,2021-10-29 06:13:06,58.29,"{'x': 650765, 'y': 5715261, 'spatialReference': {'wkid': 32718, 'latestWkid': 32718}}"
220,884,chapo_cap1,2021-10-29 06:14:06,58.11,"{'x': 650765, 'y': 5715261, 'spatialReference': {'wkid': 32718, 'latestWkid': 32718}}"
221,888,chapo_cap1,2021-10-29 06:15:06,58.0,"{'x': 650765, 'y': 5715261, 'spatialReference': {'wkid': 32718, 'latestWkid': 32718}}"
222,892,chapo_cap1,2021-10-29 06:16:06,57.84,"{'x': 650765, 'y': 5715261, 'spatialReference': {'wkid': 32718, 'latestWkid': 32718}}"
223,896,chapo_cap1,2021-10-29 06:17:06,57.69,"{'x': 650765, 'y': 5715261, 'spatialReference': {'wkid': 32718, 'latestWkid': 32718}}"
224,900,chapo_cap1,2021-10-29 06:18:06,52.6,"{'x': 650765, 'y': 5715261, 'spatialReference': {'wkid': 32718, 'latestWkid': 32718}}"
225,904,chapo_cap1,2021-10-29 06:19:06,58.72,"{'x': 650765, 'y': 5715261, 'spatialReference': {'wkid': 32718, 'latestWkid': 32718}}"
226,908,chapo_cap1,2021-10-29 06:20:06,61.12,"{'x': 650765, 'y': 5715261, 'spatialReference': {'wkid': 32718, 'latestWkid': 32718}}"
227,912,chapo_cap1,2021-10-29 06:21:06,62.25,"{'x': 650765, 'y': 5715261, 'spatialReference': {'wkid': 32718, 'latestWkid': 32718}}"
228,916,chapo_cap1,2021-10-29 06:22:06,62.82,"{'x': 650765, 'y': 5715261, 'spatialReference': {'wkid': 32718, 'latestWkid': 32718}}"
229,920,chapo_cap1,2021-10-29 06:23:06,64.29,"{'x': 650765, 'y': 5715261, 'spatialReference': {'wkid': 32718, 'latestWkid': 32718}}"
230,924,chapo_cap1,2021-10-29 06:24:06,64.67,"{'x': 650765, 'y': 5715261, 'spatialReference': {'wkid': 32718, 'latestWkid': 32718}}"
231,928,chapo_cap1,2021-10-29 06:25:06,64.81,"{'x': 650765, 'y': 5715261, 'spatialReference': {'wkid': 32718, 'latestWkid': 32718}}"
232,932,chapo_cap1,2021-10-29 06:26:06,65.0,"{'x': 650765, 'y': 5715261, 'spatialReference': {'wkid': 32718, 'latestWkid': 32718}}"
233,936,chapo_cap1,2021-10-29 06:27:06,65.12,"{'x': 650765, 'y': 5715261, 'spatialReference': {'wkid': 32718, 'latestWkid': 32718}}"
234,939,chapo_cap1,2021-10-29 06:28:06,65.17,"{'x': 650765, 'y': 5715261, 'spatialReference': {'wkid': 32718, 'latestWkid': 32718}}"
235,943,chapo_cap1,2021-10-29 06:29:06,65.25,"{'x': 650765, 'y': 5715261, 'spatialReference': {'wkid': 32718, 'latestWkid': 32718}}"
236,947,chapo_cap1,2021-10-29 06:30:06,66.01,"{'x': 650765, 'y': 5715261, 'spatialReference': {'wkid': 32718, 'latestWkid': 32718}}"
237,951,chapo_cap1,2021-10-29 06:31:06,66.23,"{'x': 650765, 'y': 5715261, 'spatialReference': {'wkid': 32718, 'latestWkid': 32718}}"
238,955,chapo_cap1,2021-10-29 06:32:06,66.3,"{'x': 650765, 'y': 5715261, 'spatialReference': {'wkid': 32718, 'latestWkid': 32718}}"
239,959,chapo_cap1,2021-10-29 06:33:06,66.38,"{'x': 650765, 'y': 5715261, 'spatialReference': {'wkid': 32718, 'latestWkid': 32718}}"
240,963,chapo_cap1,2021-10-29 06:34:06,60.33,"{'x': 650765, 'y': 5715261, 'spatialReference': {'wkid': 32718, 'latestWkid': 32718}}"
241,967,chapo_cap1,2021-10-29 06:35:06,61.42,"{'x': 650765, 'y': 5715261, 'spatialReference': {'wkid': 32718, 'latestWkid': 32718}}"
242,971,chapo_cap1,2021-10-29 06:36:06,61.41,"{'x': 650765, 'y': 5715261, 'spatialReference': {'wkid': 32718, 'latestWkid': 32718}}"
243,975,chapo_cap1,2021-10-29 06:37:06,62.11,"{'x': 650765, 'y': 5715261, 'spatialReference': {'wkid': 32718, 'latestWkid': 32718}}"
244,979,chapo_cap1,2021-10-29 06:38:06,61.91,"{'x': 650765, 'y': 5715261, 'spatialReference': {'wkid': 32718, 'latestWkid': 32718}}"
245,983,chapo_cap1,2021-10-29 06:39:06,61.43,"{'x': 650765, 'y': 5715261, 'spatialReference': {'wkid': 32718, 'latestWkid': 32718}}"
246,987,chapo_cap1,2021-10-29 06:40:06,60.98,"{'x': 650765, 'y': 5715261, 'spatialReference': {'wkid': 32718, 'latestWkid': 32718}}"
247,991,chapo_cap1,2021-10-29 06:41:06,60.58,"{'x': 650765, 'y': 5715261, 'spatialReference': {'wkid': 32718, 'latestWkid': 32718}}"
248,995,chapo_cap1,2021-10-29 06:42:06,60.58,"{'x': 650765, 'y': 5715261, 'spatialReference': {'wkid': 32718, 'latestWkid': 32718}}"
249,998,chapo_cap1,2021-10-29 06:43:06,60.2,"{'x': 650765, 'y': 5715261, 'spatialReference': {'wkid': 32718, 'latestWkid': 32718}}"
250,1001,chapo_cap1,2021-10-29 06:44:06,59.35,"{'x': 650765, 'y': 5715261, 'spatialReference': {'wkid': 32718, 'latestWkid': 32718}}"
251,1005,chapo_cap1,2021-10-29 06:45:06,59.77,"{'x': 650765, 'y': 5715261, 'spatialReference': {'wkid': 32718, 'latestWkid': 32718}}"
252,1009,chapo_cap1,2021-10-29 06:46:06,60.1,"{'x': 650765, 'y': 5715261, 'spatialReference': {'wkid': 32718, 'latestWkid': 32718}}"
253,1013,chapo_cap1,2021-10-29 06:47:06,60.12,"{'x': 650765, 'y': 5715261, 'spatialReference': {'wkid': 32718, 'latestWkid': 32718}}"
254,1017,chapo_cap1,2021-10-29 06:48:06,60.06,"{'x': 650765, 'y': 5715261, 'spatialReference': {'wkid': 32718, 'latestWkid': 32718}}"
255,1021,chapo_cap1,2021-10-29 06:49:06,59.87,"{'x': 650765, 'y': 5715261, 'spatialReference': {'wkid': 32718, 'latestWkid': 32718}}"
256,1025,chapo_cap1,2021-10-29 06:50:06,61.77,"{'x': 650765, 'y': 5715261, 'spatialReference': {'wkid': 32718, 'latestWkid': 32718}}"
257,1029,chapo_cap1,2021-10-29 06:51:06,63.12,"{'x': 650765, 'y': 5715261, 'spatialReference': {'wkid': 32718, 'latestWkid': 32718}}"
258,1033,chapo_cap1,2021-10-29 06:52:06,64.03,"{'x': 650765, 'y': 5715261, 'spatialReference': {'wkid': 32718, 'latestWkid': 32718}}"
259,1037,chapo_cap1,2021-10-29 06:53:06,64.86,"{'x': 650765, 'y': 5715261, 'spatialReference': {'wkid': 32718, 'latestWkid': 32718}}"
260,1041,chapo_cap1,2021-10-29 06:54:06,65.52,"{'x': 650765, 'y': 5715261, 'spatialReference': {'wkid': 32718, 'latestWkid': 32718}}"
261,1045,chapo_cap1,2021-10-29 06:55:06,65.95,"{'x': 650765, 'y': 5715261, 'spatialReference': {'wkid': 32718, 'latestWkid': 32718}}"
262,1049,chapo_cap1,2021-10-29 06:56:06,66.65,"{'x': 650765, 'y': 5715261, 'spatialReference': {'wkid': 32718, 'latestWkid': 32718}}"
263,1053,chapo_cap1,2021-10-29 06:57:06,66.96,"{'x': 650765, 'y': 5715261, 'spatialReference': {'wkid': 32718, 'latestWkid': 32718}}"
264,1057,chapo_cap1,2021-10-29 06:58:06,67.19,"{'x': 650765, 'y': 5715261, 'spatialReference': {'wkid': 32718, 'latestWkid': 32718}}"
265,1061,chapo_cap1,2021-10-29 06:59:06,67.18,"{'x': 650765, 'y': 5715261, 'spatialReference': {'wkid': 32718, 'latestWkid': 32718}}"
266,1065,chapo_cap1,2021-10-29 07:00:06,67.11,"{'x': 650765, 'y': 5715261, 'spatialReference': {'wkid': 32718, 'latestWkid': 32718}}"
267,1069,chapo_cap1,2021-10-29 07:01:06,66.97,"{'x': 650765, 'y': 5715261, 'spatialReference': {'wkid': 32718, 'latestWkid': 32718}}"
268,1073,chapo_cap1,2021-10-29 07:02:06,66.79,"{'x': 650765, 'y': 5715261, 'spatialReference': {'wkid': 32718, 'latestWkid': 32718}}"
269,1077,chapo_cap1,2021-10-29 07:03:06,58.16,"{'x': 650765, 'y': 5715261, 'spatialReference': {'wkid': 32718, 'latestWkid': 32718}}"
270,1081,chapo_cap1,2021-10-29 07:04:06,60.03,"{'x': 650765, 'y': 5715261, 'spatialReference': {'wkid': 32718, 'latestWkid': 32718}}"
271,1085,chapo_cap1,2021-10-29 07:05:06,60.31,"{'x': 650765, 'y': 5715261, 'spatialReference': {'wkid': 32718, 'latestWkid': 32718}}"
272,1089,chapo_cap1,2021-10-29 07:06:06,60.27,"{'x': 650765, 'y': 5715261, 'spatialReference': {'wkid': 32718, 'latestWkid': 32718}}"
273,1093,chapo_cap1,2021-10-29 07:07:09,60.32,"{'x': 650765, 'y': 5715261, 'spatialReference': {'wkid': 32718, 'latestWkid': 32718}}"
274,1097,chapo_cap1,2021-10-29 07:08:06,60.41,"{'x': 650765, 'y': 5715261, 'spatialReference': {'wkid': 32718, 'latestWkid': 32718}}"
275,1101,chapo_cap1,2021-10-29 07:09:06,60.46,"{'x': 650765, 'y': 5715261, 'spatialReference': {'wkid': 32718, 'latestWkid': 32718}}"
276,1105,chapo_cap1,2021-10-29 07:00:00,60.39,"{'x': 650765, 'y': 5715261, 'spatialReference': {'wkid': 32718, 'latestWkid': 32718}}"
277,1109,chapo_cap1,2021-10-29 07:00:00,60.3,"{'x': 650765, 'y': 5715261, 'spatialReference': {'wkid': 32718, 'latestWkid': 32718}}"
278,1113,chapo_cap1,2021-10-29 07:12:06,60.3,"{'x': 650765, 'y': 5715261, 'spatialReference': {'wkid': 32718, 'latestWkid': 32718}}"
279,1117,chapo_cap1,2021-10-29 07:13:06,60.08,"{'x': 650765, 'y': 5715261, 'spatialReference': {'wkid': 32718, 'latestWkid': 32718}}"
280,1121,chapo_cap1,2021-10-29 07:14:06,59.49,"{'x': 650765, 'y': 5715261, 'spatialReference': {'wkid': 32718, 'latestWkid': 32718}}"
281,1126,chapo_cap1,2021-10-29 07:15:06,59.19,"{'x': 650765, 'y': 5715261, 'spatialReference': {'wkid': 32718, 'latestWkid': 32718}}"
282,1133,chapo_cap1,2021-10-29 07:16:06,59.1,"{'x': 650765, 'y': 5715261, 'spatialReference': {'wkid': 32718, 'latestWkid': 32718}}"
283,1142,chapo_cap1,2021-10-29 07:17:06,58.9,"{'x': 650765, 'y': 5715261, 'spatialReference': {'wkid': 32718, 'latestWkid': 32718}}"
284,1146,chapo_cap1,2021-10-29 07:18:06,58.95,"{'x': 650765, 'y': 5715261, 'spatialReference': {'wkid': 32718, 'latestWkid': 32718}}"
285,1153,chapo_cap1,2021-10-29 07:19:06,58.81,"{'x': 650765, 'y': 5715261, 'spatialReference': {'wkid': 32718, 'latestWkid': 32718}}"
286,1158,chapo_cap1,2021-10-29 07:20:06,61.59,"{'x': 650765, 'y': 5715261, 'spatialReference': {'wkid': 32718, 'latestWkid': 32718}}"
287,1162,chapo_cap1,2021-10-29 07:21:06,62.43,"{'x': 650765, 'y': 5715261, 'spatialReference': {'wkid': 32718, 'latestWkid': 32718}}"
288,1166,chapo_cap1,2021-10-29 07:22:06,63.71,"{'x': 650765, 'y': 5715261, 'spatialReference': {'wkid': 32718, 'latestWkid': 32718}}"
289,1172,chapo_cap1,2021-10-29 07:23:06,63.94,"{'x': 650765, 'y': 5715261, 'spatialReference': {'wkid': 32718, 'latestWkid': 32718}}"
290,1179,chapo_cap1,2021-10-29 07:24:06,64.13,"{'x': 650765, 'y': 5715261, 'spatialReference': {'wkid': 32718, 'latestWkid': 32718}}"
291,1184,chapo_cap1,2021-10-29 07:25:06,64.36,"{'x': 650765, 'y': 5715261, 'spatialReference': {'wkid': 32718, 'latestWkid': 32718}}"
292,1190,chapo_cap1,2021-10-29 07:26:06,64.33,"{'x': 650765, 'y': 5715261, 'spatialReference': {'wkid': 32718, 'latestWkid': 32718}}"
293,1194,chapo_cap1,2021-10-29 07:27:06,64.25,"{'x': 650765, 'y': 5715261, 'spatialReference': {'wkid': 32718, 'latestWkid': 32718}}"
294,1198,chapo_cap1,2021-10-29 07:28:06,64.18,"{'x': 650765, 'y': 5715261, 'spatialReference': {'wkid': 32718, 'latestWkid': 32718}}"
295,1202,chapo_cap1,2021-10-29 07:29:06,64.1,"{'x': 650765, 'y': 5715261, 'spatialReference': {'wkid': 32718, 'latestWkid': 32718}}"
296,1208,chapo_cap1,2021-10-29 07:30:06,63.98,"{'x': 650765, 'y': 5715261, 'spatialReference': {'wkid': 32718, 'latestWkid': 32718}}"
297,1212,chapo_cap1,2021-10-29 07:31:06,63.87,"{'x': 650765, 'y': 5715261, 'spatialReference': {'wkid': 32718, 'latestWkid': 32718}}"
298,1216,chapo_cap1,2021-10-29 07:32:06,63.96,"{'x': 650765, 'y': 5715261, 'spatialReference': {'wkid': 32718, 'latestWkid': 32718}}"
299,1220,chapo_cap1,2021-10-29 07:33:06,63.92,"{'x': 650765, 'y': 5715261, 'spatialReference': {'wkid': 32718, 'latestWkid': 32718}}"
300,1226,chapo_cap1,2021-10-29 07:34:06,58.9,"{'x': 650765, 'y': 5715261, 'spatialReference': {'wkid': 32718, 'latestWkid': 32718}}"
301,1230,chapo_cap1,2021-10-29 07:35:06,62.7,"{'x': 650765, 'y': 5715261, 'spatialReference': {'wkid': 32718, 'latestWkid': 32718}}"
302,1234,chapo_cap1,2021-10-29 07:36:06,63.58,"{'x': 650765, 'y': 5715261, 'spatialReference': {'wkid': 32718, 'latestWkid': 32718}}"
303,1240,chapo_cap1,2021-10-29 07:37:06,64.09,"{'x': 650765, 'y': 5715261, 'spatialReference': {'wkid': 32718, 'latestWkid': 32718}}"
304,1248,chapo_cap1,2021-10-29 07:38:06,64.47,"{'x': 650765, 'y': 5715261, 'spatialReference': {'wkid': 32718, 'latestWkid': 32718}}"
305,1254,chapo_cap1,2021-10-29 07:39:06,64.61,"{'x': 650765, 'y': 5715261, 'spatialReference': {'wkid': 32718, 'latestWkid': 32718}}"
306,1262,chapo_cap1,2021-10-29 07:40:06,64.64,"{'x': 650765, 'y': 5715261, 'spatialReference': {'wkid': 32718, 'latestWkid': 32718}}"
307,1268,chapo_cap1,2021-10-29 07:41:06,64.35,"{'x': 650765, 'y': 5715261, 'spatialReference': {'wkid': 32718, 'latestWkid': 32718}}"
308,1274,chapo_cap1,2021-10-29 07:42:06,64.26,"{'x': 650765, 'y': 5715261, 'spatialReference': {'wkid': 32718, 'latestWkid': 32718}}"
309,1278,chapo_cap1,2021-10-29 07:43:06,64.19,"{'x': 650765, 'y': 5715261, 'spatialReference': {'wkid': 32718, 'latestWkid': 32718}}"
310,1282,chapo_cap1,2021-10-29 07:44:06,64.23,"{'x': 650765, 'y': 5715261, 'spatialReference': {'wkid': 32718, 'latestWkid': 32718}}"
311,1290,chapo_cap1,2021-10-29 07:45:06,64.2,"{'x': 650765, 'y': 5715261, 'spatialReference': {'wkid': 32718, 'latestWkid': 32718}}"
312,1294,chapo_cap1,2021-10-29 07:46:06,64.33,"{'x': 650765, 'y': 5715261, 'spatialReference': {'wkid': 32718, 'latestWkid': 32718}}"
313,1298,chapo_cap1,2021-10-29 07:47:06,64.4,"{'x': 650765, 'y': 5715261, 'spatialReference': {'wkid': 32718, 'latestWkid': 32718}}"
314,1302,chapo_cap1,2021-10-29 07:48:06,57.69,"{'x': 650765, 'y': 5715261, 'spatialReference': {'wkid': 32718, 'latestWkid': 32718}}"
315,1307,chapo_cap1,2021-10-29 07:49:06,60.08,"{'x': 650765, 'y': 5715261, 'spatialReference': {'wkid': 32718, 'latestWkid': 32718}}"
316,1311,chapo_cap1,2021-10-29 07:50:06,62.39,"{'x': 650765, 'y': 5715261, 'spatialReference': {'wkid': 32718, 'latestWkid': 32718}}"
317,1315,chapo_cap1,2021-10-29 07:51:06,63.35,"{'x': 650765, 'y': 5715261, 'spatialReference': {'wkid': 32718, 'latestWkid': 32718}}"
318,1319,chapo_cap1,2021-10-29 07:52:06,62.88,"{'x': 650765, 'y': 5715261, 'spatialReference': {'wkid': 32718, 'latestWkid': 32718}}"
319,1323,chapo_cap1,2021-10-29 07:53:06,62.77,"{'x': 650765, 'y': 5715261, 'spatialReference': {'wkid': 32718, 'latestWkid': 32718}}"
320,1327,chapo_cap1,2021-10-29 07:54:06,62.4,"{'x': 650765, 'y': 5715261, 'spatialReference': {'wkid': 32718, 'latestWkid': 32718}}"
321,1331,chapo_cap1,2021-10-29 07:55:06,62.29,"{'x': 650765, 'y': 5715261, 'spatialReference': {'wkid': 32718, 'latestWkid': 32718}}"
322,1335,chapo_cap1,2021-10-29 07:56:06,62.15,"{'x': 650765, 'y': 5715261, 'spatialReference': {'wkid': 32718, 'latestWkid': 32718}}"
323,1339,chapo_cap1,2021-10-29 07:57:06,61.75,"{'x': 650765, 'y': 5715261, 'spatialReference': {'wkid': 32718, 'latestWkid': 32718}}"
324,1343,chapo_cap1,2021-10-29 07:58:06,61.53,"{'x': 650765, 'y': 5715261, 'spatialReference': {'wkid': 32718, 'latestWkid': 32718}}"
325,1347,chapo_cap1,2021-10-29 07:59:06,61.26,"{'x': 650765, 'y': 5715261, 'spatialReference': {'wkid': 32718, 'latestWkid': 32718}}"
326,1351,chapo_cap1,2021-10-29 08:00:06,61.17,"{'x': 650765, 'y': 5715261, 'spatialReference': {'wkid': 32718, 'latestWkid': 32718}}"
327,1355,chapo_cap1,2021-10-29 08:01:06,61.12,"{'x': 650765, 'y': 5715261, 'spatialReference': {'wkid': 32718, 'latestWkid': 32718}}"
328,1360,chapo_cap1,2021-10-29 08:02:06,60.87,"{'x': 650765, 'y': 5715261, 'spatialReference': {'wkid': 32718, 'latestWkid': 32718}}"
329,1365,chapo_cap1,2021-10-29 08:03:06,14.59,"{'x': 650765, 'y': 5715261, 'spatialReference': {'wkid': 32718, 'latestWkid': 32718}}"
330,1369,chapo_cap1,2021-10-29 08:04:06,58.74,"{'x': 650765, 'y': 5715261, 'spatialReference': {'wkid': 32718, 'latestWkid': 32718}}"
331,1373,chapo_cap1,2021-10-29 08:05:06,60.05,"{'x': 650765, 'y': 5715261, 'spatialReference': {'wkid': 32718, 'latestWkid': 32718}}"
332,1377,chapo_cap1,2021-10-29 08:06:06,60.34,"{'x': 650765, 'y': 5715261, 'spatialReference': {'wkid': 32718, 'latestWkid': 32718}}"
333,1381,chapo_cap1,2021-10-29 08:07:06,60.77,"{'x': 650765, 'y': 5715261, 'spatialReference': {'wkid': 32718, 'latestWkid': 32718}}"
334,1386,chapo_cap1,2021-10-29 08:08:06,60.94,"{'x': 650765, 'y': 5715261, 'spatialReference': {'wkid': 32718, 'latestWkid': 32718}}"
335,1391,chapo_cap1,2021-10-29 08:09:06,61.04,"{'x': 650765, 'y': 5715261, 'spatialReference': {'wkid': 32718, 'latestWkid': 32718}}"
336,1396,chapo_cap1,2021-10-29 08:00:00,61.26,"{'x': 650765, 'y': 5715261, 'spatialReference': {'wkid': 32718, 'latestWkid': 32718}}"
337,1401,chapo_cap1,2021-10-29 08:00:00,61.47,"{'x': 650765, 'y': 5715261, 'spatialReference': {'wkid': 32718, 'latestWkid': 32718}}"
338,1405,chapo_cap1,2021-10-29 08:12:06,61.62,"{'x': 650765, 'y': 5715261, 'spatialReference': {'wkid': 32718, 'latestWkid': 32718}}"
339,1409,chapo_cap1,2021-10-29 08:13:06,61.77,"{'x': 650765, 'y': 5715261, 'spatialReference': {'wkid': 32718, 'latestWkid': 32718}}"
340,1413,chapo_cap1,2021-10-29 08:14:06,61.92,"{'x': 650765, 'y': 5715261, 'spatialReference': {'wkid': 32718, 'latestWkid': 32718}}"
341,1417,chapo_cap1,2021-10-29 08:15:06,61.89,"{'x': 650765, 'y': 5715261, 'spatialReference': {'wkid': 32718, 'latestWkid': 32718}}"
342,1421,chapo_cap1,2021-10-29 08:16:06,61.72,"{'x': 650765, 'y': 5715261, 'spatialReference': {'wkid': 32718, 'latestWkid': 32718}}"
343,1425,chapo_cap1,2021-10-29 08:17:06,61.87,"{'x': 650765, 'y': 5715261, 'spatialReference': {'wkid': 32718, 'latestWkid': 32718}}"
344,1429,chapo_cap1,2021-10-29 08:18:06,61.86,"{'x': 650765, 'y': 5715261, 'spatialReference': {'wkid': 32718, 'latestWkid': 32718}}"
345,1433,chapo_cap1,2021-10-29 08:19:06,58.36,"{'x': 650765, 'y': 5715261, 'spatialReference': {'wkid': 32718, 'latestWkid': 32718}}"
346,1437,chapo_cap1,2021-10-29 08:20:06,63.89,"{'x': 650765, 'y': 5715261, 'spatialReference': {'wkid': 32718, 'latestWkid': 32718}}"
347,1441,chapo_cap1,2021-10-29 08:21:06,64.87,"{'x': 650765, 'y': 5715261, 'spatialReference': {'wkid': 32718, 'latestWkid': 32718}}"
348,1445,chapo_cap1,2021-10-29 08:22:06,65.42,"{'x': 650765, 'y': 5715261, 'spatialReference': {'wkid': 32718, 'latestWkid': 32718}}"
349,1449,chapo_cap1,2021-10-29 08:23:06,65.94,"{'x': 650765, 'y': 5715261, 'spatialReference': {'wkid': 32718, 'latestWkid': 32718}}"
350,1453,chapo_cap1,2021-10-29 08:24:06,66.48,"{'x': 650765, 'y': 5715261, 'spatialReference': {'wkid': 32718, 'latestWkid': 32718}}"
351,1457,chapo_cap1,2021-10-29 08:25:06,66.92,"{'x': 650765, 'y': 5715261, 'spatialReference': {'wkid': 32718, 'latestWkid': 32718}}"
352,1460,chapo_cap1,2021-10-29 08:26:06,67.27,"{'x': 650765, 'y': 5715261, 'spatialReference': {'wkid': 32718, 'latestWkid': 32718}}"
353,1464,chapo_cap1,2021-10-29 08:27:06,67.98,"{'x': 650765, 'y': 5715261, 'spatialReference': {'wkid': 32718, 'latestWkid': 32718}}"
354,1468,chapo_cap1,2021-10-29 08:28:06,68.2,"{'x': 650765, 'y': 5715261, 'spatialReference': {'wkid': 32718, 'latestWkid': 32718}}"
355,1471,chapo_cap1,2021-10-29 08:29:06,68.19,"{'x': 650765, 'y': 5715261, 'spatialReference': {'wkid': 32718, 'latestWkid': 32718}}"
356,1475,chapo_cap1,2021-10-29 08:30:06,67.9,"{'x': 650765, 'y': 5715261, 'spatialReference': {'wkid': 32718, 'latestWkid': 32718}}"
357,1479,chapo_cap1,2021-10-29 08:31:06,67.69,"{'x': 650765, 'y': 5715261, 'spatialReference': {'wkid': 32718, 'latestWkid': 32718}}"
358,1483,chapo_cap1,2021-10-29 08:32:06,67.75,"{'x': 650765, 'y': 5715261, 'spatialReference': {'wkid': 32718, 'latestWkid': 32718}}"
359,1487,chapo_cap1,2021-10-29 08:33:06,59.26,"{'x': 650765, 'y': 5715261, 'spatialReference': {'wkid': 32718, 'latestWkid': 32718}}"
360,1491,chapo_cap1,2021-10-29 08:34:06,61.67,"{'x': 650765, 'y': 5715261, 'spatialReference': {'wkid': 32718, 'latestWkid': 32718}}"
361,1495,chapo_cap1,2021-10-29 08:35:06,61.89,"{'x': 650765, 'y': 5715261, 'spatialReference': {'wkid': 32718, 'latestWkid': 32718}}"
362,1500,chapo_cap1,2021-10-29 08:36:06,61.73,"{'x': 650765, 'y': 5715261, 'spatialReference': {'wkid': 32718, 'latestWkid': 32718}}"
363,1505,chapo_cap1,2021-10-29 08:37:06,61.92,"{'x': 650765, 'y': 5715261, 'spatialReference': {'wkid': 32718, 'latestWkid': 32718}}"
364,1509,chapo_cap1,2021-10-29 08:38:06,62.16,"{'x': 650765, 'y': 5715261, 'spatialReference': {'wkid': 32718, 'latestWkid': 32718}}"
365,1513,chapo_cap1,2021-10-29 08:39:06,62.12,"{'x': 650765, 'y': 5715261, 'spatialReference': {'wkid': 32718, 'latestWkid': 32718}}"
366,1517,chapo_cap1,2021-10-29 08:40:06,61.64,"{'x': 650765, 'y': 5715261, 'spatialReference': {'wkid': 32718, 'latestWkid': 32718}}"
367,1521,chapo_cap1,2021-10-29 08:41:06,61.33,"{'x': 650765, 'y': 5715261, 'spatialReference': {'wkid': 32718, 'latestWkid': 32718}}"
368,1525,chapo_cap1,2021-10-29 08:42:06,60.9,"{'x': 650765, 'y': 5715261, 'spatialReference': {'wkid': 32718, 'latestWkid': 32718}}"
369,1529,chapo_cap1,2021-10-29 08:43:06,60.74,"{'x': 650765, 'y': 5715261, 'spatialReference': {'wkid': 32718, 'latestWkid': 32718}}"
370,1533,chapo_cap1,2021-10-29 08:44:06,60.26,"{'x': 650765, 'y': 5715261, 'spatialReference': {'wkid': 32718, 'latestWkid': 32718}}"
371,1537,chapo_cap1,2021-10-29 08:45:06,59.88,"{'x': 650765, 'y': 5715261, 'spatialReference': {'wkid': 32718, 'latestWkid': 32718}}"
372,1542,chapo_cap1,2021-10-29 08:46:06,59.42,"{'x': 650765, 'y': 5715261, 'spatialReference': {'wkid': 32718, 'latestWkid': 32718}}"
373,1549,chapo_cap1,2021-10-29 08:47:06,59.2,"{'x': 650765, 'y': 5715261, 'spatialReference': {'wkid': 32718, 'latestWkid': 32718}}"
374,1556,chapo_cap1,2021-10-29 08:48:06,14.57,"{'x': 650765, 'y': 5715261, 'spatialReference': {'wkid': 32718, 'latestWkid': 32718}}"
375,1561,chapo_cap1,2021-10-29 08:49:06,55.69,"{'x': 650765, 'y': 5715261, 'spatialReference': {'wkid': 32718, 'latestWkid': 32718}}"
376,1565,chapo_cap1,2021-10-29 08:50:06,58.07,"{'x': 650765, 'y': 5715261, 'spatialReference': {'wkid': 32718, 'latestWkid': 32718}}"
377,1569,chapo_cap1,2021-10-29 08:51:06,59.48,"{'x': 650765, 'y': 5715261, 'spatialReference': {'wkid': 32718, 'latestWkid': 32718}}"
378,1573,chapo_cap1,2021-10-29 08:52:06,60.6,"{'x': 650765, 'y': 5715261, 'spatialReference': {'wkid': 32718, 'latestWkid': 32718}}"
379,1577,chapo_cap1,2021-10-29 08:53:06,62.29,"{'x': 650765, 'y': 5715261, 'spatialReference': {'wkid': 32718, 'latestWkid': 32718}}"
380,1581,chapo_cap1,2021-10-29 08:54:06,62.53,"{'x': 650765, 'y': 5715261, 'spatialReference': {'wkid': 32718, 'latestWkid': 32718}}"
381,1585,chapo_cap1,2021-10-29 08:55:06,62.85,"{'x': 650765, 'y': 5715261, 'spatialReference': {'wkid': 32718, 'latestWkid': 32718}}"
382,1589,chapo_cap1,2021-10-29 08:56:06,62.73,"{'x': 650765, 'y': 5715261, 'spatialReference': {'wkid': 32718, 'latestWkid': 32718}}"
383,1593,chapo_cap1,2021-10-29 08:57:06,63.04,"{'x': 650765, 'y': 5715261, 'spatialReference': {'wkid': 32718, 'latestWkid': 32718}}"
384,1597,chapo_cap1,2021-10-29 08:58:06,63.29,"{'x': 650765, 'y': 5715261, 'spatialReference': {'wkid': 32718, 'latestWkid': 32718}}"
385,1601,chapo_cap1,2021-10-29 08:59:06,63.75,"{'x': 650765, 'y': 5715261, 'spatialReference': {'wkid': 32718, 'latestWkid': 32718}}"
386,1605,chapo_cap1,2021-10-29 09:00:06,63.89,"{'x': 650765, 'y': 5715261, 'spatialReference': {'wkid': 32718, 'latestWkid': 32718}}"
387,1609,chapo_cap1,2021-10-29 09:01:06,63.94,"{'x': 650765, 'y': 5715261, 'spatialReference': {'wkid': 32718, 'latestWkid': 32718}}"
388,1613,chapo_cap1,2021-10-29 09:02:06,64.02,"{'x': 650765, 'y': 5715261, 'spatialReference': {'wkid': 32718, 'latestWkid': 32718}}"
389,1617,chapo_cap1,2021-10-29 09:03:06,63.99,"{'x': 650765, 'y': 5715261, 'spatialReference': {'wkid': 32718, 'latestWkid': 32718}}"
390,1621,chapo_cap1,2021-10-29 09:04:06,59.44,"{'x': 650765, 'y': 5715261, 'spatialReference': {'wkid': 32718, 'latestWkid': 32718}}"
391,1625,chapo_cap1,2021-10-29 09:05:06,61.04,"{'x': 650765, 'y': 5715261, 'spatialReference': {'wkid': 32718, 'latestWkid': 32718}}"
392,1629,chapo_cap1,2021-10-29 09:06:06,62.25,"{'x': 650765, 'y': 5715261, 'spatialReference': {'wkid': 32718, 'latestWkid': 32718}}"
393,1633,chapo_cap1,2021-10-29 09:07:06,62.87,"{'x': 650765, 'y': 5715261, 'spatialReference': {'wkid': 32718, 'latestWkid': 32718}}"
394,1637,chapo_cap1,2021-10-29 09:08:06,63.23,"{'x': 650765, 'y': 5715261, 'spatialReference': {'wkid': 32718, 'latestWkid': 32718}}"
395,1641,chapo_cap1,2021-10-29 09:09:06,63.58,"{'x': 650765, 'y': 5715261, 'spatialReference': {'wkid': 32718, 'latestWkid': 32718}}"
396,1645,chapo_cap1,2021-10-29 09:00:00,63.75,"{'x': 650765, 'y': 5715261, 'spatialReference': {'wkid': 32718, 'latestWkid': 32718}}"
397,1649,chapo_cap1,2021-10-29 09:00:00,63.73,"{'x': 650765, 'y': 5715261, 'spatialReference': {'wkid': 32718, 'latestWkid': 32718}}"
398,1653,chapo_cap1,2021-10-29 09:12:06,63.72,"{'x': 650765, 'y': 5715261, 'spatialReference': {'wkid': 32718, 'latestWkid': 32718}}"
399,1657,chapo_cap1,2021-10-29 09:13:06,63.61,"{'x': 650765, 'y': 5715261, 'spatialReference': {'wkid': 32718, 'latestWkid': 32718}}"
400,1661,chapo_cap1,2021-10-29 09:14:06,63.55,"{'x': 650765, 'y': 5715261, 'spatialReference': {'wkid': 32718, 'latestWkid': 32718}}"
401,1665,chapo_cap1,2021-10-29 09:15:06,63.63,"{'x': 650765, 'y': 5715261, 'spatialReference': {'wkid': 32718, 'latestWkid': 32718}}"
402,1669,chapo_cap1,2021-10-29 09:16:09,63.32,"{'x': 650765, 'y': 5715261, 'spatialReference': {'wkid': 32718, 'latestWkid': 32718}}"
403,1673,chapo_cap1,2021-10-29 09:17:06,62.34,"{'x': 650765, 'y': 5715261, 'spatialReference': {'wkid': 32718, 'latestWkid': 32718}}"
404,1677,chapo_cap1,2021-10-29 09:18:06,61.69,"{'x': 650765, 'y': 5715261, 'spatialReference': {'wkid': 32718, 'latestWkid': 32718}}"
405,1681,chapo_cap1,2021-10-29 09:19:06,60.19,"{'x': 650765, 'y': 5715261, 'spatialReference': {'wkid': 32718, 'latestWkid': 32718}}"
406,1685,chapo_cap1,2021-10-29 09:20:06,63.05,"{'x': 650765, 'y': 5715261, 'spatialReference': {'wkid': 32718, 'latestWkid': 32718}}"
407,1689,chapo_cap1,2021-10-29 09:21:06,64.65,"{'x': 650765, 'y': 5715261, 'spatialReference': {'wkid': 32718, 'latestWkid': 32718}}"
408,1693,chapo_cap1,2021-10-29 09:22:06,65.85,"{'x': 650765, 'y': 5715261, 'spatialReference': {'wkid': 32718, 'latestWkid': 32718}}"
409,1697,chapo_cap1,2021-10-29 09:23:06,66.76,"{'x': 650765, 'y': 5715261, 'spatialReference': {'wkid': 32718, 'latestWkid': 32718}}"
410,1701,chapo_cap1,2021-10-29 09:24:06,67.37,"{'x': 650765, 'y': 5715261, 'spatialReference': {'wkid': 32718, 'latestWkid': 32718}}"
411,1705,chapo_cap1,2021-10-29 09:25:06,68.25,"{'x': 650765, 'y': 5715261, 'spatialReference': {'wkid': 32718, 'latestWkid': 32718}}"
412,1709,chapo_cap1,2021-10-29 09:26:06,68.09,"{'x': 650765, 'y': 5715261, 'spatialReference': {'wkid': 32718, 'latestWkid': 32718}}"
413,1717,chapo_cap1,2021-10-29 09:27:06,68.05,"{'x': 650765, 'y': 5715261, 'spatialReference': {'wkid': 32718, 'latestWkid': 32718}}"
414,1721,chapo_cap1,2021-10-29 09:28:06,68.02,"{'x': 650765, 'y': 5715261, 'spatialReference': {'wkid': 32718, 'latestWkid': 32718}}"
415,1725,chapo_cap1,2021-10-29 09:29:06,68.0,"{'x': 650765, 'y': 5715261, 'spatialReference': {'wkid': 32718, 'latestWkid': 32718}}"
416,1729,chapo_cap1,2021-10-29 09:30:06,67.7,"{'x': 650765, 'y': 5715261, 'spatialReference': {'wkid': 32718, 'latestWkid': 32718}}"
417,1733,chapo_cap1,2021-10-29 09:31:06,67.43,"{'x': 650765, 'y': 5715261, 'spatialReference': {'wkid': 32718, 'latestWkid': 32718}}"
418,1737,chapo_cap1,2021-10-29 09:32:06,66.95,"{'x': 650765, 'y': 5715261, 'spatialReference': {'wkid': 32718, 'latestWkid': 32718}}"
419,1741,chapo_cap1,2021-10-29 09:33:06,66.72,"{'x': 650765, 'y': 5715261, 'spatialReference': {'wkid': 32718, 'latestWkid': 32718}}"
420,1745,chapo_cap1,2021-10-29 09:34:06,62.11,"{'x': 650765, 'y': 5715261, 'spatialReference': {'wkid': 32718, 'latestWkid': 32718}}"
421,1749,chapo_cap1,2021-10-29 09:35:06,63.65,"{'x': 650765, 'y': 5715261, 'spatialReference': {'wkid': 32718, 'latestWkid': 32718}}"
422,1753,chapo_cap1,2021-10-29 09:36:06,63.8,"{'x': 650765, 'y': 5715261, 'spatialReference': {'wkid': 32718, 'latestWkid': 32718}}"
423,1757,chapo_cap1,2021-10-29 09:37:06,63.51,"{'x': 650765, 'y': 5715261, 'spatialReference': {'wkid': 32718, 'latestWkid': 32718}}"
424,1761,chapo_cap1,2021-10-29 09:38:06,63.38,"{'x': 650765, 'y': 5715261, 'spatialReference': {'wkid': 32718, 'latestWkid': 32718}}"
425,1765,chapo_cap1,2021-10-29 09:39:06,63.36,"{'x': 650765, 'y': 5715261, 'spatialReference': {'wkid': 32718, 'latestWkid': 32718}}"
426,1769,chapo_cap1,2021-10-29 09:40:06,63.05,"{'x': 650765, 'y': 5715261, 'spatialReference': {'wkid': 32718, 'latestWkid': 32718}}"
427,1773,chapo_cap1,2021-10-29 09:41:06,62.89,"{'x': 650765, 'y': 5715261, 'spatialReference': {'wkid': 32718, 'latestWkid': 32718}}"
428,1777,chapo_cap1,2021-10-29 09:42:06,62.81,"{'x': 650765, 'y': 5715261, 'spatialReference': {'wkid': 32718, 'latestWkid': 32718}}"
429,1781,chapo_cap1,2021-10-29 09:43:06,62.68,"{'x': 650765, 'y': 5715261, 'spatialReference': {'wkid': 32718, 'latestWkid': 32718}}"
430,1785,chapo_cap1,2021-10-29 09:44:06,62.66,"{'x': 650765, 'y': 5715261, 'spatialReference': {'wkid': 32718, 'latestWkid': 32718}}"
431,1789,chapo_cap1,2021-10-29 09:45:06,62.69,"{'x': 650765, 'y': 5715261, 'spatialReference': {'wkid': 32718, 'latestWkid': 32718}}"
432,1793,chapo_cap1,2021-10-29 09:46:06,62.56,"{'x': 650765, 'y': 5715261, 'spatialReference': {'wkid': 32718, 'latestWkid': 32718}}"
433,1797,chapo_cap1,2021-10-29 09:47:06,62.38,"{'x': 650765, 'y': 5715261, 'spatialReference': {'wkid': 32718, 'latestWkid': 32718}}"
434,1801,chapo_cap1,2021-10-29 09:48:06,62.41,"{'x': 650765, 'y': 5715261, 'spatialReference': {'wkid': 32718, 'latestWkid': 32718}}"
435,1805,chapo_cap1,2021-10-29 09:49:06,59.16,"{'x': 650765, 'y': 5715261, 'spatialReference': {'wkid': 32718, 'latestWkid': 32718}}"
436,1809,chapo_cap1,2021-10-29 09:50:06,63.39,"{'x': 650765, 'y': 5715261, 'spatialReference': {'wkid': 32718, 'latestWkid': 32718}}"
437,1813,chapo_cap1,2021-10-29 09:51:06,66.2,"{'x': 650765, 'y': 5715261, 'spatialReference': {'wkid': 32718, 'latestWkid': 32718}}"
438,1817,chapo_cap1,2021-10-29 09:52:06,67.17,"{'x': 650765, 'y': 5715261, 'spatialReference': {'wkid': 32718, 'latestWkid': 32718}}"
439,1821,chapo_cap1,2021-10-29 09:53:06,68.03,"{'x': 650765, 'y': 5715261, 'spatialReference': {'wkid': 32718, 'latestWkid': 32718}}"
440,1825,chapo_cap1,2021-10-29 09:54:06,68.78,"{'x': 650765, 'y': 5715261, 'spatialReference': {'wkid': 32718, 'latestWkid': 32718}}"
441,1829,chapo_cap1,2021-10-29 09:55:07,69.08,"{'x': 650765, 'y': 5715261, 'spatialReference': {'wkid': 32718, 'latestWkid': 32718}}"
442,1833,chapo_cap1,2021-10-29 09:56:06,69.02,"{'x': 650765, 'y': 5715261, 'spatialReference': {'wkid': 32718, 'latestWkid': 32718}}"
443,1837,chapo_cap1,2021-10-29 09:57:06,69.17,"{'x': 650765, 'y': 5715261, 'spatialReference': {'wkid': 32718, 'latestWkid': 32718}}"
444,1841,chapo_cap1,2021-10-29 09:58:06,69.28,"{'x': 650765, 'y': 5715261, 'spatialReference': {'wkid': 32718, 'latestWkid': 32718}}"
445,1845,chapo_cap1,2021-10-29 09:59:06,68.68,"{'x': 650765, 'y': 5715261, 'spatialReference': {'wkid': 32718, 'latestWkid': 32718}}"
446,1849,chapo_cap1,2021-10-29 10:00:06,67.59,"{'x': 650765, 'y': 5715261, 'spatialReference': {'wkid': 32718, 'latestWkid': 32718}}"
447,1853,chapo_cap1,2021-10-29 10:01:06,67.29,"{'x': 650765, 'y': 5715261, 'spatialReference': {'wkid': 32718, 'latestWkid': 32718}}"
448,1857,chapo_cap1,2021-10-29 10:02:06,67.13,"{'x': 650765, 'y': 5715261, 'spatialReference': {'wkid': 32718, 'latestWkid': 32718}}"
449,1861,chapo_cap1,2021-10-29 10:03:06,66.88,"{'x': 650765, 'y': 5715261, 'spatialReference': {'wkid': 32718, 'latestWkid': 32718}}"
450,1865,chapo_cap1,2021-10-29 10:04:06,62.05,"{'x': 650765, 'y': 5715261, 'spatialReference': {'wkid': 32718, 'latestWkid': 32718}}"
451,1869,chapo_cap1,2021-10-29 10:05:06,62.64,"{'x': 650765, 'y': 5715261, 'spatialReference': {'wkid': 32718, 'latestWkid': 32718}}"
452,1873,chapo_cap1,2021-10-29 10:06:06,62.97,"{'x': 650765, 'y': 5715261, 'spatialReference': {'wkid': 32718, 'latestWkid': 32718}}"
453,1878,chapo_cap1,2021-10-29 10:07:06,63.3,"{'x': 650765, 'y': 5715261, 'spatialReference': {'wkid': 32718, 'latestWkid': 32718}}"
454,1885,chapo_cap1,2021-10-29 10:08:06,63.7,"{'x': 650765, 'y': 5715261, 'spatialReference': {'wkid': 32718, 'latestWkid': 32718}}"
455,1889,chapo_cap1,2021-10-29 10:09:06,63.99,"{'x': 650765, 'y': 5715261, 'spatialReference': {'wkid': 32718, 'latestWkid': 32718}}"
456,1893,chapo_cap1,2021-10-29 10:00:00,64.36,"{'x': 650765, 'y': 5715261, 'spatialReference': {'wkid': 32718, 'latestWkid': 32718}}"
457,1897,chapo_cap1,2021-10-29 10:00:00,64.68,"{'x': 650765, 'y': 5715261, 'spatialReference': {'wkid': 32718, 'latestWkid': 32718}}"
458,1901,chapo_cap1,2021-10-29 10:12:06,64.79,"{'x': 650765, 'y': 5715261, 'spatialReference': {'wkid': 32718, 'latestWkid': 32718}}"
459,1905,chapo_cap1,2021-10-29 10:13:06,64.67,"{'x': 650765, 'y': 5715261, 'spatialReference': {'wkid': 32718, 'latestWkid': 32718}}"
460,1909,chapo_cap1,2021-10-29 10:14:06,64.49,"{'x': 650765, 'y': 5715261, 'spatialReference': {'wkid': 32718, 'latestWkid': 32718}}"
461,1913,chapo_cap1,2021-10-29 10:15:06,63.9,"{'x': 650765, 'y': 5715261, 'spatialReference': {'wkid': 32718, 'latestWkid': 32718}}"
462,1917,chapo_cap1,2021-10-29 10:16:06,62.82,"{'x': 650765, 'y': 5715261, 'spatialReference': {'wkid': 32718, 'latestWkid': 32718}}"
463,1921,chapo_cap1,2021-10-29 10:17:06,60.49,"{'x': 650765, 'y': 5715261, 'spatialReference': {'wkid': 32718, 'latestWkid': 32718}}"
464,1925,chapo_cap1,2021-10-29 10:18:06,59.86,"{'x': 650765, 'y': 5715261, 'spatialReference': {'wkid': 32718, 'latestWkid': 32718}}"
465,1930,chapo_cap1,2021-10-29 10:19:06,59.18,"{'x': 650765, 'y': 5715261, 'spatialReference': {'wkid': 32718, 'latestWkid': 32718}}"
466,1937,chapo_cap1,2021-10-29 10:20:06,61.58,"{'x': 650765, 'y': 5715261, 'spatialReference': {'wkid': 32718, 'latestWkid': 32718}}"
467,1941,chapo_cap1,2021-10-29 10:21:06,63.07,"{'x': 650765, 'y': 5715261, 'spatialReference': {'wkid': 32718, 'latestWkid': 32718}}"
468,1945,chapo_cap1,2021-10-29 10:22:06,64.39,"{'x': 650765, 'y': 5715261, 'spatialReference': {'wkid': 32718, 'latestWkid': 32718}}"
469,1949,chapo_cap1,2021-10-29 10:23:06,65.62,"{'x': 650765, 'y': 5715261, 'spatialReference': {'wkid': 32718, 'latestWkid': 32718}}"
470,1953,chapo_cap1,2021-10-29 10:24:06,67.02,"{'x': 650765, 'y': 5715261, 'spatialReference': {'wkid': 32718, 'latestWkid': 32718}}"
471,1957,chapo_cap1,2021-10-29 10:25:06,67.63,"{'x': 650765, 'y': 5715261, 'spatialReference': {'wkid': 32718, 'latestWkid': 32718}}"
472,1961,chapo_cap1,2021-10-29 10:26:06,67.44,"{'x': 650765, 'y': 5715261, 'spatialReference': {'wkid': 32718, 'latestWkid': 32718}}"
473,1965,chapo_cap1,2021-10-29 10:27:06,67.26,"{'x': 650765, 'y': 5715261, 'spatialReference': {'wkid': 32718, 'latestWkid': 32718}}"
474,1969,chapo_cap1,2021-10-29 10:28:06,67.83,"{'x': 650765, 'y': 5715261, 'spatialReference': {'wkid': 32718, 'latestWkid': 32718}}"
475,1973,chapo_cap1,2021-10-29 10:29:06,68.23,"{'x': 650765, 'y': 5715261, 'spatialReference': {'wkid': 32718, 'latestWkid': 32718}}"
476,1978,chapo_cap1,2021-10-29 10:30:06,68.73,"{'x': 650765, 'y': 5715261, 'spatialReference': {'wkid': 32718, 'latestWkid': 32718}}"
477,1984,chapo_cap1,2021-10-29 10:31:06,69.03,"{'x': 650765, 'y': 5715261, 'spatialReference': {'wkid': 32718, 'latestWkid': 32718}}"
478,1988,chapo_cap1,2021-10-29 10:32:06,69.32,"{'x': 650765, 'y': 5715261, 'spatialReference': {'wkid': 32718, 'latestWkid': 32718}}"
479,1992,chapo_cap1,2021-10-29 10:33:06,69.59,"{'x': 650765, 'y': 5715261, 'spatialReference': {'wkid': 32718, 'latestWkid': 32718}}"
480,1996,chapo_cap1,2021-10-29 10:34:06,62.87,"{'x': 650765, 'y': 5715261, 'spatialReference': {'wkid': 32718, 'latestWkid': 32718}}"
481,2000,chapo_cap1,2021-10-29 10:35:06,64.43,"{'x': 650765, 'y': 5715261, 'spatialReference': {'wkid': 32718, 'latestWkid': 32718}}"
482,2004,chapo_cap1,2021-10-29 10:36:06,65.17,"{'x': 650765, 'y': 5715261, 'spatialReference': {'wkid': 32718, 'latestWkid': 32718}}"
483,2008,chapo_cap1,2021-10-29 10:37:06,66.25,"{'x': 650765, 'y': 5715261, 'spatialReference': {'wkid': 32718, 'latestWkid': 32718}}"
484,2012,chapo_cap1,2021-10-29 10:38:06,66.5,"{'x': 650765, 'y': 5715261, 'spatialReference': {'wkid': 32718, 'latestWkid': 32718}}"
485,2016,chapo_cap1,2021-10-29 10:39:06,66.64,"{'x': 650765, 'y': 5715261, 'spatialReference': {'wkid': 32718, 'latestWkid': 32718}}"
486,2020,chapo_cap1,2021-10-29 10:40:06,66.65,"{'x': 650765, 'y': 5715261, 'spatialReference': {'wkid': 32718, 'latestWkid': 32718}}"
487,2024,chapo_cap1,2021-10-29 10:41:06,66.32,"{'x': 650765, 'y': 5715261, 'spatialReference': {'wkid': 32718, 'latestWkid': 32718}}"
488,2028,chapo_cap1,2021-10-29 10:42:06,66.09,"{'x': 650765, 'y': 5715261, 'spatialReference': {'wkid': 32718, 'latestWkid': 32718}}"
489,2032,chapo_cap1,2021-10-29 10:43:06,65.61,"{'x': 650765, 'y': 5715261, 'spatialReference': {'wkid': 32718, 'latestWkid': 32718}}"
490,2036,chapo_cap1,2021-10-29 10:44:06,65.42,"{'x': 650765, 'y': 5715261, 'spatialReference': {'wkid': 32718, 'latestWkid': 32718}}"
491,2039,chapo_cap1,2021-10-29 10:45:06,65.32,"{'x': 650765, 'y': 5715261, 'spatialReference': {'wkid': 32718, 'latestWkid': 32718}}"
492,2046,chapo_cap1,2021-10-29 10:46:06,65.27,"{'x': 650765, 'y': 5715261, 'spatialReference': {'wkid': 32718, 'latestWkid': 32718}}"
493,2050,chapo_cap1,2021-10-29 10:47:06,65.28,"{'x': 650765, 'y': 5715261, 'spatialReference': {'wkid': 32718, 'latestWkid': 32718}}"
494,2054,chapo_cap1,2021-10-29 10:48:06,65.28,"{'x': 650765, 'y': 5715261, 'spatialReference': {'wkid': 32718, 'latestWkid': 32718}}"
495,2058,chapo_cap1,2021-10-29 10:49:06,64.58,"{'x': 650765, 'y': 5715261, 'spatialReference': {'wkid': 32718, 'latestWkid': 32718}}"
496,2062,chapo_cap1,2021-10-29 10:50:06,69.91,"{'x': 650765, 'y': 5715261, 'spatialReference': {'wkid': 32718, 'latestWkid': 32718}}"
497,2066,chapo_cap1,2021-10-29 10:51:06,71.53,"{'x': 650765, 'y': 5715261, 'spatialReference': {'wkid': 32718, 'latestWkid': 32718}}"
498,2070,chapo_cap1,2021-10-29 10:52:06,72.49,"{'x': 650765, 'y': 5715261, 'spatialReference': {'wkid': 32718, 'latestWkid': 32718}}"
499,2074,chapo_cap1,2021-10-29 10:53:06,72.13,"{'x': 650765, 'y': 5715261, 'spatialReference': {'wkid': 32718, 'latestWkid': 32718}}"
500,2078,chapo_cap1,2021-10-29 10:54:06,72.19,"{'x': 650765, 'y': 5715261, 'spatialReference': {'wkid': 32718, 'latestWkid': 32718}}"
501,2082,chapo_cap1,2021-10-29 10:55:06,72.14,"{'x': 650765, 'y': 5715261, 'spatialReference': {'wkid': 32718, 'latestWkid': 32718}}"
502,2086,chapo_cap1,2021-10-29 10:56:06,72.41,"{'x': 650765, 'y': 5715261, 'spatialReference': {'wkid': 32718, 'latestWkid': 32718}}"
503,2090,chapo_cap1,2021-10-29 10:57:06,72.72,"{'x': 650765, 'y': 5715261, 'spatialReference': {'wkid': 32718, 'latestWkid': 32718}}"
504,2094,chapo_cap1,2021-10-29 10:58:06,72.35,"{'x': 650765, 'y': 5715261, 'spatialReference': {'wkid': 32718, 'latestWkid': 32718}}"
505,2098,chapo_cap1,2021-10-29 10:59:06,72.06,"{'x': 650765, 'y': 5715261, 'spatialReference': {'wkid': 32718, 'latestWkid': 32718}}"
506,2102,chapo_cap1,2021-10-29 11:00:06,71.67,"{'x': 650765, 'y': 5715261, 'spatialReference': {'wkid': 32718, 'latestWkid': 32718}}"
507,2106,chapo_cap1,2021-10-29 11:01:06,71.81,"{'x': 650765, 'y': 5715261, 'spatialReference': {'wkid': 32718, 'latestWkid': 32718}}"
508,2110,chapo_cap1,2021-10-29 11:02:06,71.89,"{'x': 650765, 'y': 5715261, 'spatialReference': {'wkid': 32718, 'latestWkid': 32718}}"
509,2114,chapo_cap1,2021-10-29 11:03:06,71.65,"{'x': 650765, 'y': 5715261, 'spatialReference': {'wkid': 32718, 'latestWkid': 32718}}"
510,2121,chapo_cap1,2021-10-29 11:04:06,65.48,"{'x': 650765, 'y': 5715261, 'spatialReference': {'wkid': 32718, 'latestWkid': 32718}}"
511,2128,chapo_cap1,2021-10-29 11:05:06,67.02,"{'x': 650765, 'y': 5715261, 'spatialReference': {'wkid': 32718, 'latestWkid': 32718}}"
512,2132,chapo_cap1,2021-10-29 11:06:06,67.66,"{'x': 650765, 'y': 5715261, 'spatialReference': {'wkid': 32718, 'latestWkid': 32718}}"
513,2137,chapo_cap1,2021-10-29 11:07:06,67.94,"{'x': 650765, 'y': 5715261, 'spatialReference': {'wkid': 32718, 'latestWkid': 32718}}"
514,2144,chapo_cap1,2021-10-29 11:08:06,67.73,"{'x': 650765, 'y': 5715261, 'spatialReference': {'wkid': 32718, 'latestWkid': 32718}}"
515,2148,chapo_cap1,2021-10-29 11:09:06,67.0,"{'x': 650765, 'y': 5715261, 'spatialReference': {'wkid': 32718, 'latestWkid': 32718}}"
516,2152,chapo_cap1,2021-10-29 11:00:00,66.22,"{'x': 650765, 'y': 5715261, 'spatialReference': {'wkid': 32718, 'latestWkid': 32718}}"
517,2156,chapo_cap1,2021-10-29 11:00:00,65.71,"{'x': 650765, 'y': 5715261, 'spatialReference': {'wkid': 32718, 'latestWkid': 32718}}"
518,2160,chapo_cap1,2021-10-29 11:12:06,65.22,"{'x': 650765, 'y': 5715261, 'spatialReference': {'wkid': 32718, 'latestWkid': 32718}}"
519,2164,chapo_cap1,2021-10-29 11:13:06,65.04,"{'x': 650765, 'y': 5715261, 'spatialReference': {'wkid': 32718, 'latestWkid': 32718}}"
520,2168,chapo_cap1,2021-10-29 11:14:06,64.92,"{'x': 650765, 'y': 5715261, 'spatialReference': {'wkid': 32718, 'latestWkid': 32718}}"
521,2172,chapo_cap1,2021-10-29 11:15:09,64.74,"{'x': 650765, 'y': 5715261, 'spatialReference': {'wkid': 32718, 'latestWkid': 32718}}"
522,2176,chapo_cap1,2021-10-29 11:16:06,64.45,"{'x': 650765, 'y': 5715261, 'spatialReference': {'wkid': 32718, 'latestWkid': 32718}}"
523,2180,chapo_cap1,2021-10-29 11:17:06,64.13,"{'x': 650765, 'y': 5715261, 'spatialReference': {'wkid': 32718, 'latestWkid': 32718}}"
524,2184,chapo_cap1,2021-10-29 11:18:06,64.36,"{'x': 650765, 'y': 5715261, 'spatialReference': {'wkid': 32718, 'latestWkid': 32718}}"
525,2192,chapo_cap1,2021-10-29 11:19:06,64.87,"{'x': 650765, 'y': 5715261, 'spatialReference': {'wkid': 32718, 'latestWkid': 32718}}"
526,2196,chapo_cap1,2021-10-29 11:20:06,67.39,"{'x': 650765, 'y': 5715261, 'spatialReference': {'wkid': 32718, 'latestWkid': 32718}}"
527,2200,chapo_cap1,2021-10-29 11:21:06,68.34,"{'x': 650765, 'y': 5715261, 'spatialReference': {'wkid': 32718, 'latestWkid': 32718}}"
528,2204,chapo_cap1,2021-10-29 11:22:06,69.71,"{'x': 650765, 'y': 5715261, 'spatialReference': {'wkid': 32718, 'latestWkid': 32718}}"
529,2211,chapo_cap1,2021-10-29 11:23:06,70.01,"{'x': 650765, 'y': 5715261, 'spatialReference': {'wkid': 32718, 'latestWkid': 32718}}"
530,2216,chapo_cap1,2021-10-29 11:24:06,70.64,"{'x': 650765, 'y': 5715261, 'spatialReference': {'wkid': 32718, 'latestWkid': 32718}}"
531,2220,chapo_cap1,2021-10-29 11:25:07,71.16,"{'x': 650765, 'y': 5715261, 'spatialReference': {'wkid': 32718, 'latestWkid': 32718}}"
532,2224,chapo_cap1,2021-10-29 11:26:06,71.44,"{'x': 650765, 'y': 5715261, 'spatialReference': {'wkid': 32718, 'latestWkid': 32718}}"
533,2228,chapo_cap1,2021-10-29 11:27:06,71.68,"{'x': 650765, 'y': 5715261, 'spatialReference': {'wkid': 32718, 'latestWkid': 32718}}"
534,2232,chapo_cap1,2021-10-29 11:28:06,71.94,"{'x': 650765, 'y': 5715261, 'spatialReference': {'wkid': 32718, 'latestWkid': 32718}}"
535,2236,chapo_cap1,2021-10-29 11:29:06,72.31,"{'x': 650765, 'y': 5715261, 'spatialReference': {'wkid': 32718, 'latestWkid': 32718}}"
536,2240,chapo_cap1,2021-10-29 11:30:06,72.08,"{'x': 650765, 'y': 5715261, 'spatialReference': {'wkid': 32718, 'latestWkid': 32718}}"
537,2244,chapo_cap1,2021-10-29 11:31:06,72.06,"{'x': 650765, 'y': 5715261, 'spatialReference': {'wkid': 32718, 'latestWkid': 32718}}"
538,2248,chapo_cap1,2021-10-29 11:32:06,71.96,"{'x': 650765, 'y': 5715261, 'spatialReference': {'wkid': 32718, 'latestWkid': 32718}}"
539,2252,chapo_cap1,2021-10-29 11:33:06,70.89,"{'x': 650765, 'y': 5715261, 'spatialReference': {'wkid': 32718, 'latestWkid': 32718}}"
540,2260,chapo_cap1,2021-10-29 11:34:06,64.95,"{'x': 650765, 'y': 5715261, 'spatialReference': {'wkid': 32718, 'latestWkid': 32718}}"
541,2264,chapo_cap1,2021-10-29 11:35:07,69.1,"{'x': 650765, 'y': 5715261, 'spatialReference': {'wkid': 32718, 'latestWkid': 32718}}"
542,2268,chapo_cap1,2021-10-29 11:36:06,70.17,"{'x': 650765, 'y': 5715261, 'spatialReference': {'wkid': 32718, 'latestWkid': 32718}}"
543,2272,chapo_cap1,2021-10-29 11:37:06,70.45,"{'x': 650765, 'y': 5715261, 'spatialReference': {'wkid': 32718, 'latestWkid': 32718}}"
544,2276,chapo_cap1,2021-10-29 11:38:06,70.84,"{'x': 650765, 'y': 5715261, 'spatialReference': {'wkid': 32718, 'latestWkid': 32718}}"
545,2280,chapo_cap1,2021-10-29 11:39:06,71.16,"{'x': 650765, 'y': 5715261, 'spatialReference': {'wkid': 32718, 'latestWkid': 32718}}"
546,2284,chapo_cap1,2021-10-29 11:40:07,71.33,"{'x': 650765, 'y': 5715261, 'spatialReference': {'wkid': 32718, 'latestWkid': 32718}}"
547,2288,chapo_cap1,2021-10-29 11:41:06,71.59,"{'x': 650765, 'y': 5715261, 'spatialReference': {'wkid': 32718, 'latestWkid': 32718}}"
548,2292,chapo_cap1,2021-10-29 11:42:06,71.97,"{'x': 650765, 'y': 5715261, 'spatialReference': {'wkid': 32718, 'latestWkid': 32718}}"
549,2296,chapo_cap1,2021-10-29 11:43:06,71.9,"{'x': 650765, 'y': 5715261, 'spatialReference': {'wkid': 32718, 'latestWkid': 32718}}"
550,2304,chapo_cap1,2021-10-29 11:44:06,72.02,"{'x': 650765, 'y': 5715261, 'spatialReference': {'wkid': 32718, 'latestWkid': 32718}}"
551,2312,chapo_cap1,2021-10-29 11:45:07,72.2,"{'x': 650765, 'y': 5715261, 'spatialReference': {'wkid': 32718, 'latestWkid': 32718}}"
552,2318,chapo_cap1,2021-10-29 11:46:06,72.25,"{'x': 650765, 'y': 5715261, 'spatialReference': {'wkid': 32718, 'latestWkid': 32718}}"
553,2324,chapo_cap1,2021-10-29 11:47:06,72.3,"{'x': 650765, 'y': 5715261, 'spatialReference': {'wkid': 32718, 'latestWkid': 32718}}"
554,2330,chapo_cap1,2021-10-29 11:48:06,72.24,"{'x': 650765, 'y': 5715261, 'spatialReference': {'wkid': 32718, 'latestWkid': 32718}}"
555,2337,chapo_cap1,2021-10-29 11:49:06,71.74,"{'x': 650765, 'y': 5715261, 'spatialReference': {'wkid': 32718, 'latestWkid': 32718}}"
556,2343,chapo_cap1,2021-10-29 11:50:06,73.18,"{'x': 650765, 'y': 5715261, 'spatialReference': {'wkid': 32718, 'latestWkid': 32718}}"
557,2351,chapo_cap1,2021-10-29 11:51:06,74.1,"{'x': 650765, 'y': 5715261, 'spatialReference': {'wkid': 32718, 'latestWkid': 32718}}"
558,2357,chapo_cap1,2021-10-29 11:52:06,75.01,"{'x': 650765, 'y': 5715261, 'spatialReference': {'wkid': 32718, 'latestWkid': 32718}}"
559,2367,chapo_cap1,2021-10-29 11:53:06,75.75,"{'x': 650765, 'y': 5715261, 'spatialReference': {'wkid': 32718, 'latestWkid': 32718}}"
560,2377,chapo_cap1,2021-10-29 11:54:06,76.48,"{'x': 650765, 'y': 5715261, 'spatialReference': {'wkid': 32718, 'latestWkid': 32718}}"
561,2383,chapo_cap1,2021-10-29 11:55:06,76.52,"{'x': 650765, 'y': 5715261, 'spatialReference': {'wkid': 32718, 'latestWkid': 32718}}"
562,2389,chapo_cap1,2021-10-29 11:56:06,76.83,"{'x': 650765, 'y': 5715261, 'spatialReference': {'wkid': 32718, 'latestWkid': 32718}}"
563,2399,chapo_cap1,2021-10-29 11:57:06,76.96,"{'x': 650765, 'y': 5715261, 'spatialReference': {'wkid': 32718, 'latestWkid': 32718}}"
564,2405,chapo_cap1,2021-10-29 11:58:06,77.0,"{'x': 650765, 'y': 5715261, 'spatialReference': {'wkid': 32718, 'latestWkid': 32718}}"
565,2409,chapo_cap1,2021-10-29 11:59:06,77.25,"{'x': 650765, 'y': 5715261, 'spatialReference': {'wkid': 32718, 'latestWkid': 32718}}"
566,2417,chapo_cap1,2021-10-29 12:00:06,77.04,"{'x': 650765, 'y': 5715261, 'spatialReference': {'wkid': 32718, 'latestWkid': 32718}}"
567,2423,chapo_cap1,2021-10-29 12:01:06,76.68,"{'x': 650765, 'y': 5715261, 'spatialReference': {'wkid': 32718, 'latestWkid': 32718}}"
568,2435,chapo_cap1,2021-10-29 12:02:06,76.63,"{'x': 650765, 'y': 5715261, 'spatialReference': {'wkid': 32718, 'latestWkid': 32718}}"
569,2441,chapo_cap1,2021-10-29 12:03:06,75.96,"{'x': 650765, 'y': 5715261, 'spatialReference': {'wkid': 32718, 'latestWkid': 32718}}"
570,2449,chapo_cap1,2021-10-29 12:04:06,69.14,"{'x': 650765, 'y': 5715261, 'spatialReference': {'wkid': 32718, 'latestWkid': 32718}}"
571,2453,chapo_cap1,2021-10-29 12:05:06,70.62,"{'x': 650765, 'y': 5715261, 'spatialReference': {'wkid': 32718, 'latestWkid': 32718}}"
572,2460,chapo_cap1,2021-10-29 12:06:06,71.02,"{'x': 650765, 'y': 5715261, 'spatialReference': {'wkid': 32718, 'latestWkid': 32718}}"
573,2470,chapo_cap1,2021-10-29 12:07:06,71.0,"{'x': 650765, 'y': 5715261, 'spatialReference': {'wkid': 32718, 'latestWkid': 32718}}"
574,2477,chapo_cap1,2021-10-29 12:08:06,70.47,"{'x': 650765, 'y': 5715261, 'spatialReference': {'wkid': 32718, 'latestWkid': 32718}}"
575,2487,chapo_cap1,2021-10-29 12:09:06,70.01,"{'x': 650765, 'y': 5715261, 'spatialReference': {'wkid': 32718, 'latestWkid': 32718}}"
576,2495,chapo_cap1,2021-10-29 12:00:00,69.64,"{'x': 650765, 'y': 5715261, 'spatialReference': {'wkid': 32718, 'latestWkid': 32718}}"
577,2501,chapo_cap1,2021-10-29 12:00:00,69.18,"{'x': 650765, 'y': 5715261, 'spatialReference': {'wkid': 32718, 'latestWkid': 32718}}"
578,2507,chapo_cap1,2021-10-29 12:12:06,68.81,"{'x': 650765, 'y': 5715261, 'spatialReference': {'wkid': 32718, 'latestWkid': 32718}}"
579,2515,chapo_cap1,2021-10-29 12:13:06,68.45,"{'x': 650765, 'y': 5715261, 'spatialReference': {'wkid': 32718, 'latestWkid': 32718}}"
580,2519,chapo_cap1,2021-10-29 12:14:06,68.26,"{'x': 650765, 'y': 5715261, 'spatialReference': {'wkid': 32718, 'latestWkid': 32718}}"
581,2527,chapo_cap1,2021-10-29 12:15:06,68.34,"{'x': 650765, 'y': 5715261, 'spatialReference': {'wkid': 32718, 'latestWkid': 32718}}"
582,2533,chapo_cap1,2021-10-29 12:16:06,68.31,"{'x': 650765, 'y': 5715261, 'spatialReference': {'wkid': 32718, 'latestWkid': 32718}}"
583,2540,chapo_cap1,2021-10-29 12:17:06,68.33,"{'x': 650765, 'y': 5715261, 'spatialReference': {'wkid': 32718, 'latestWkid': 32718}}"
584,2547,chapo_cap1,2021-10-29 12:18:06,67.24,"{'x': 650765, 'y': 5715261, 'spatialReference': {'wkid': 32718, 'latestWkid': 32718}}"
585,2554,chapo_cap1,2021-10-29 12:19:06,66.44,"{'x': 650765, 'y': 5715261, 'spatialReference': {'wkid': 32718, 'latestWkid': 32718}}"
586,2564,chapo_cap1,2021-10-29 12:20:06,69.05,"{'x': 650765, 'y': 5715261, 'spatialReference': {'wkid': 32718, 'latestWkid': 32718}}"
587,2575,chapo_cap1,2021-10-29 12:21:06,73.85,"{'x': 650765, 'y': 5715261, 'spatialReference': {'wkid': 32718, 'latestWkid': 32718}}"
588,2583,chapo_cap1,2021-10-29 12:22:06,75.13,"{'x': 650765, 'y': 5715261, 'spatialReference': {'wkid': 32718, 'latestWkid': 32718}}"
589,2593,chapo_cap1,2021-10-29 12:23:06,75.99,"{'x': 650765, 'y': 5715261, 'spatialReference': {'wkid': 32718, 'latestWkid': 32718}}"
590,2602,chapo_cap1,2021-10-29 12:24:06,76.61,"{'x': 650765, 'y': 5715261, 'spatialReference': {'wkid': 32718, 'latestWkid': 32718}}"
591,2609,chapo_cap1,2021-10-29 12:25:06,76.89,"{'x': 650765, 'y': 5715261, 'spatialReference': {'wkid': 32718, 'latestWkid': 32718}}"
592,2617,chapo_cap1,2021-10-29 12:26:06,77.19,"{'x': 650765, 'y': 5715261, 'spatialReference': {'wkid': 32718, 'latestWkid': 32718}}"
593,2621,chapo_cap1,2021-10-29 12:27:06,76.2,"{'x': 650765, 'y': 5715261, 'spatialReference': {'wkid': 32718, 'latestWkid': 32718}}"
594,2633,chapo_cap1,2021-10-29 12:28:06,75.66,"{'x': 650765, 'y': 5715261, 'spatialReference': {'wkid': 32718, 'latestWkid': 32718}}"
595,2643,chapo_cap1,2021-10-29 12:29:06,75.04,"{'x': 650765, 'y': 5715261, 'spatialReference': {'wkid': 32718, 'latestWkid': 32718}}"
596,2653,chapo_cap1,2021-10-29 12:30:06,74.24,"{'x': 650765, 'y': 5715261, 'spatialReference': {'wkid': 32718, 'latestWkid': 32718}}"
597,2659,chapo_cap1,2021-10-29 12:31:06,73.13,"{'x': 650765, 'y': 5715261, 'spatialReference': {'wkid': 32718, 'latestWkid': 32718}}"
598,2670,chapo_cap1,2021-10-29 12:32:06,72.83,"{'x': 650765, 'y': 5715261, 'spatialReference': {'wkid': 32718, 'latestWkid': 32718}}"
599,2679,chapo_cap1,2021-10-29 12:33:06,72.51,"{'x': 650765, 'y': 5715261, 'spatialReference': {'wkid': 32718, 'latestWkid': 32718}}"
600,2694,chapo_cap1,2021-10-29 12:34:06,70.86,"{'x': 650765, 'y': 5715261, 'spatialReference': {'wkid': 32718, 'latestWkid': 32718}}"
601,2705,chapo_cap1,2021-10-29 12:35:06,72.19,"{'x': 650765, 'y': 5715261, 'spatialReference': {'wkid': 32718, 'latestWkid': 32718}}"
602,2715,chapo_cap1,2021-10-29 12:36:06,71.69,"{'x': 650765, 'y': 5715261, 'spatialReference': {'wkid': 32718, 'latestWkid': 32718}}"
603,2726,chapo_cap1,2021-10-29 12:37:06,70.84,"{'x': 650765, 'y': 5715261, 'spatialReference': {'wkid': 32718, 'latestWkid': 32718}}"
604,2739,chapo_cap1,2021-10-29 12:38:06,69.84,"{'x': 650765, 'y': 5715261, 'spatialReference': {'wkid': 32718, 'latestWkid': 32718}}"
605,2746,chapo_cap1,2021-10-29 12:39:06,69.1,"{'x': 650765, 'y': 5715261, 'spatialReference': {'wkid': 32718, 'latestWkid': 32718}}"
606,2754,chapo_cap1,2021-10-29 12:40:06,67.84,"{'x': 650765, 'y': 5715261, 'spatialReference': {'wkid': 32718, 'latestWkid': 32718}}"
607,2760,chapo_cap1,2021-10-29 12:41:06,66.64,"{'x': 650765, 'y': 5715261, 'spatialReference': {'wkid': 32718, 'latestWkid': 32718}}"
608,2766,chapo_cap1,2021-10-29 12:42:06,65.83,"{'x': 650765, 'y': 5715261, 'spatialReference': {'wkid': 32718, 'latestWkid': 32718}}"
609,2773,chapo_cap1,2021-10-29 12:43:06,65.41,"{'x': 650765, 'y': 5715261, 'spatialReference': {'wkid': 32718, 'latestWkid': 32718}}"
610,2780,chapo_cap1,2021-10-29 12:44:06,64.97,"{'x': 650765, 'y': 5715261, 'spatialReference': {'wkid': 32718, 'latestWkid': 32718}}"
611,2785,chapo_cap1,2021-10-29 12:45:06,64.67,"{'x': 650765, 'y': 5715261, 'spatialReference': {'wkid': 32718, 'latestWkid': 32718}}"
612,2792,chapo_cap1,2021-10-29 12:46:06,64.6,"{'x': 650765, 'y': 5715261, 'spatialReference': {'wkid': 32718, 'latestWkid': 32718}}"
613,2795,chapo_cap1,2021-10-29 12:47:06,64.54,"{'x': 650765, 'y': 5715261, 'spatialReference': {'wkid': 32718, 'latestWkid': 32718}}"
614,2800,chapo_cap1,2021-10-29 12:48:06,64.53,"{'x': 650765, 'y': 5715261, 'spatialReference': {'wkid': 32718, 'latestWkid': 32718}}"
615,2808,chapo_cap1,2021-10-29 12:49:06,69.1,"{'x': 650765, 'y': 5715261, 'spatialReference': {'wkid': 32718, 'latestWkid': 32718}}"
616,2815,chapo_cap1,2021-10-29 12:50:06,73.68,"{'x': 650765, 'y': 5715261, 'spatialReference': {'wkid': 32718, 'latestWkid': 32718}}"
617,2825,chapo_cap1,2021-10-29 12:51:06,75.91,"{'x': 650765, 'y': 5715261, 'spatialReference': {'wkid': 32718, 'latestWkid': 32718}}"
618,2832,chapo_cap1,2021-10-29 12:52:06,77.36,"{'x': 650765, 'y': 5715261, 'spatialReference': {'wkid': 32718, 'latestWkid': 32718}}"
619,2838,chapo_cap1,2021-10-29 12:53:06,77.93,"{'x': 650765, 'y': 5715261, 'spatialReference': {'wkid': 32718, 'latestWkid': 32718}}"
620,2848,chapo_cap1,2021-10-29 12:54:06,78.24,"{'x': 650765, 'y': 5715261, 'spatialReference': {'wkid': 32718, 'latestWkid': 32718}}"
621,2857,chapo_cap1,2021-10-29 12:55:06,78.27,"{'x': 650765, 'y': 5715261, 'spatialReference': {'wkid': 32718, 'latestWkid': 32718}}"
622,2866,chapo_cap1,2021-10-29 12:56:06,78.13,"{'x': 650765, 'y': 5715261, 'spatialReference': {'wkid': 32718, 'latestWkid': 32718}}"
623,2879,chapo_cap1,2021-10-29 12:57:06,77.94,"{'x': 650765, 'y': 5715261, 'spatialReference': {'wkid': 32718, 'latestWkid': 32718}}"
624,2888,chapo_cap1,2021-10-29 12:58:06,77.74,"{'x': 650765, 'y': 5715261, 'spatialReference': {'wkid': 32718, 'latestWkid': 32718}}"
625,2898,chapo_cap1,2021-10-29 12:59:06,77.72,"{'x': 650765, 'y': 5715261, 'spatialReference': {'wkid': 32718, 'latestWkid': 32718}}"
626,2905,chapo_cap1,2021-10-29 13:00:06,77.15,"{'x': 650765, 'y': 5715261, 'spatialReference': {'wkid': 32718, 'latestWkid': 32718}}"
627,2910,chapo_cap1,2021-10-29 13:01:06,76.61,"{'x': 650765, 'y': 5715261, 'spatialReference': {'wkid': 32718, 'latestWkid': 32718}}"
628,2919,chapo_cap1,2021-10-29 13:02:06,76.71,"{'x': 650765, 'y': 5715261, 'spatialReference': {'wkid': 32718, 'latestWkid': 32718}}"
629,2924,chapo_cap1,2021-10-29 13:03:06,75.69,"{'x': 650765, 'y': 5715261, 'spatialReference': {'wkid': 32718, 'latestWkid': 32718}}"
630,2935,chapo_cap1,2021-10-29 13:04:06,72.49,"{'x': 650765, 'y': 5715261, 'spatialReference': {'wkid': 32718, 'latestWkid': 32718}}"
631,2944,chapo_cap1,2021-10-29 13:05:07,71.92,"{'x': 650765, 'y': 5715261, 'spatialReference': {'wkid': 32718, 'latestWkid': 32718}}"
632,2959,chapo_cap1,2021-10-29 13:06:06,73.23,"{'x': 650765, 'y': 5715261, 'spatialReference': {'wkid': 32718, 'latestWkid': 32718}}"
633,2973,chapo_cap1,2021-10-29 13:07:06,72.47,"{'x': 650765, 'y': 5715261, 'spatialReference': {'wkid': 32718, 'latestWkid': 32718}}"
634,2985,chapo_cap1,2021-10-29 13:08:06,72.06,"{'x': 650765, 'y': 5715261, 'spatialReference': {'wkid': 32718, 'latestWkid': 32718}}"
635,2993,chapo_cap1,2021-10-29 13:09:06,71.96,"{'x': 650765, 'y': 5715261, 'spatialReference': {'wkid': 32718, 'latestWkid': 32718}}"
636,3003,chapo_cap1,2021-10-29 13:00:00,71.58,"{'x': 650765, 'y': 5715261, 'spatialReference': {'wkid': 32718, 'latestWkid': 32718}}"
637,3013,chapo_cap1,2021-10-29 13:00:00,71.34,"{'x': 650765, 'y': 5715261, 'spatialReference': {'wkid': 32718, 'latestWkid': 32718}}"
638,3021,chapo_cap1,2021-10-29 13:12:06,71.46,"{'x': 650765, 'y': 5715261, 'spatialReference': {'wkid': 32718, 'latestWkid': 32718}}"
639,3029,chapo_cap1,2021-10-29 13:13:06,70.97,"{'x': 650765, 'y': 5715261, 'spatialReference': {'wkid': 32718, 'latestWkid': 32718}}"
640,3035,chapo_cap1,2021-10-29 13:14:06,70.96,"{'x': 650765, 'y': 5715261, 'spatialReference': {'wkid': 32718, 'latestWkid': 32718}}"
641,3042,chapo_cap1,2021-10-29 13:15:06,70.45,"{'x': 650765, 'y': 5715261, 'spatialReference': {'wkid': 32718, 'latestWkid': 32718}}"
642,3049,chapo_cap1,2021-10-29 13:16:06,70.41,"{'x': 650765, 'y': 5715261, 'spatialReference': {'wkid': 32718, 'latestWkid': 32718}}"
643,3057,chapo_cap1,2021-10-29 13:17:06,70.19,"{'x': 650765, 'y': 5715261, 'spatialReference': {'wkid': 32718, 'latestWkid': 32718}}"
644,3065,chapo_cap1,2021-10-29 13:18:06,70.21,"{'x': 650765, 'y': 5715261, 'spatialReference': {'wkid': 32718, 'latestWkid': 32718}}"
645,3074,chapo_cap1,2021-10-29 13:19:06,75.45,"{'x': 650765, 'y': 5715261, 'spatialReference': {'wkid': 32718, 'latestWkid': 32718}}"
646,3083,chapo_cap1,2021-10-29 13:20:06,77.15,"{'x': 650765, 'y': 5715261, 'spatialReference': {'wkid': 32718, 'latestWkid': 32718}}"
647,3093,chapo_cap1,2021-10-29 13:21:06,78.51,"{'x': 650765, 'y': 5715261, 'spatialReference': {'wkid': 32718, 'latestWkid': 32718}}"
648,3102,chapo_cap1,2021-10-29 13:22:06,79.47,"{'x': 650765, 'y': 5715261, 'spatialReference': {'wkid': 32718, 'latestWkid': 32718}}"
649,3110,chapo_cap1,2021-10-29 13:23:06,80.48,"{'x': 650765, 'y': 5715261, 'spatialReference': {'wkid': 32718, 'latestWkid': 32718}}"
650,3121,chapo_cap1,2021-10-29 13:24:06,81.4,"{'x': 650765, 'y': 5715261, 'spatialReference': {'wkid': 32718, 'latestWkid': 32718}}"
651,3127,chapo_cap1,2021-10-29 13:25:06,82.24,"{'x': 650765, 'y': 5715261, 'spatialReference': {'wkid': 32718, 'latestWkid': 32718}}"
652,3139,chapo_cap1,2021-10-29 13:26:06,82.14,"{'x': 650765, 'y': 5715261, 'spatialReference': {'wkid': 32718, 'latestWkid': 32718}}"
653,3148,chapo_cap1,2021-10-29 13:27:06,82.1,"{'x': 650765, 'y': 5715261, 'spatialReference': {'wkid': 32718, 'latestWkid': 32718}}"
654,3161,chapo_cap1,2021-10-29 13:28:06,81.89,"{'x': 650765, 'y': 5715261, 'spatialReference': {'wkid': 32718, 'latestWkid': 32718}}"
655,3165,chapo_cap1,2021-10-29 13:29:06,81.59,"{'x': 650765, 'y': 5715261, 'spatialReference': {'wkid': 32718, 'latestWkid': 32718}}"
656,3179,chapo_cap1,2021-10-29 13:30:06,80.84,"{'x': 650765, 'y': 5715261, 'spatialReference': {'wkid': 32718, 'latestWkid': 32718}}"
657,3185,chapo_cap1,2021-10-29 13:31:06,80.67,"{'x': 650765, 'y': 5715261, 'spatialReference': {'wkid': 32718, 'latestWkid': 32718}}"
658,3196,chapo_cap1,2021-10-29 13:32:06,79.76,"{'x': 650765, 'y': 5715261, 'spatialReference': {'wkid': 32718, 'latestWkid': 32718}}"
659,3202,chapo_cap1,2021-10-29 13:33:06,79.38,"{'x': 650765, 'y': 5715261, 'spatialReference': {'wkid': 32718, 'latestWkid': 32718}}"
660,3216,chapo_cap1,2021-10-29 13:34:06,79.12,"{'x': 650765, 'y': 5715261, 'spatialReference': {'wkid': 32718, 'latestWkid': 32718}}"
661,3221,chapo_cap1,2021-10-29 13:35:06,81.09,"{'x': 650765, 'y': 5715261, 'spatialReference': {'wkid': 32718, 'latestWkid': 32718}}"
662,3228,chapo_cap1,2021-10-29 13:36:06,81.33,"{'x': 650765, 'y': 5715261, 'spatialReference': {'wkid': 32718, 'latestWkid': 32718}}"
663,3239,chapo_cap1,2021-10-29 13:37:06,81.22,"{'x': 650765, 'y': 5715261, 'spatialReference': {'wkid': 32718, 'latestWkid': 32718}}"
664,3250,chapo_cap1,2021-10-29 13:38:06,81.28,"{'x': 650765, 'y': 5715261, 'spatialReference': {'wkid': 32718, 'latestWkid': 32718}}"
665,3262,chapo_cap1,2021-10-29 13:39:06,81.33,"{'x': 650765, 'y': 5715261, 'spatialReference': {'wkid': 32718, 'latestWkid': 32718}}"
666,3274,chapo_cap1,2021-10-29 13:40:06,81.09,"{'x': 650765, 'y': 5715261, 'spatialReference': {'wkid': 32718, 'latestWkid': 32718}}"
667,3282,chapo_cap1,2021-10-29 13:41:06,80.31,"{'x': 650765, 'y': 5715261, 'spatialReference': {'wkid': 32718, 'latestWkid': 32718}}"
668,3290,chapo_cap1,2021-10-29 13:42:06,79.82,"{'x': 650765, 'y': 5715261, 'spatialReference': {'wkid': 32718, 'latestWkid': 32718}}"
669,3297,chapo_cap1,2021-10-29 13:43:06,79.46,"{'x': 650765, 'y': 5715261, 'spatialReference': {'wkid': 32718, 'latestWkid': 32718}}"
670,3307,chapo_cap1,2021-10-29 13:44:06,79.14,"{'x': 650765, 'y': 5715261, 'spatialReference': {'wkid': 32718, 'latestWkid': 32718}}"
671,3313,chapo_cap1,2021-10-29 13:45:06,78.67,"{'x': 650765, 'y': 5715261, 'spatialReference': {'wkid': 32718, 'latestWkid': 32718}}"
672,3318,chapo_cap1,2021-10-29 13:46:06,78.63,"{'x': 650765, 'y': 5715261, 'spatialReference': {'wkid': 32718, 'latestWkid': 32718}}"
673,3326,chapo_cap1,2021-10-29 13:47:06,78.56,"{'x': 650765, 'y': 5715261, 'spatialReference': {'wkid': 32718, 'latestWkid': 32718}}"
674,3330,chapo_cap1,2021-10-29 13:48:06,78.5,"{'x': 650765, 'y': 5715261, 'spatialReference': {'wkid': 32718, 'latestWkid': 32718}}"
675,3340,chapo_cap1,2021-10-29 13:49:06,78.53,"{'x': 650765, 'y': 5715261, 'spatialReference': {'wkid': 32718, 'latestWkid': 32718}}"
676,3352,chapo_cap1,2021-10-29 13:50:06,79.99,"{'x': 650765, 'y': 5715261, 'spatialReference': {'wkid': 32718, 'latestWkid': 32718}}"
677,3362,chapo_cap1,2021-10-29 13:51:06,82.41,"{'x': 650765, 'y': 5715261, 'spatialReference': {'wkid': 32718, 'latestWkid': 32718}}"
678,3372,chapo_cap1,2021-10-29 13:52:06,84.56,"{'x': 650765, 'y': 5715261, 'spatialReference': {'wkid': 32718, 'latestWkid': 32718}}"
679,3384,chapo_cap1,2021-10-29 13:53:06,84.93,"{'x': 650765, 'y': 5715261, 'spatialReference': {'wkid': 32718, 'latestWkid': 32718}}"
680,3393,chapo_cap1,2021-10-29 13:54:06,85.12,"{'x': 650765, 'y': 5715261, 'spatialReference': {'wkid': 32718, 'latestWkid': 32718}}"
681,3399,chapo_cap1,2021-10-29 13:55:06,84.89,"{'x': 650765, 'y': 5715261, 'spatialReference': {'wkid': 32718, 'latestWkid': 32718}}"
682,3409,chapo_cap1,2021-10-29 13:56:06,84.63,"{'x': 650765, 'y': 5715261, 'spatialReference': {'wkid': 32718, 'latestWkid': 32718}}"
683,3413,chapo_cap1,2021-10-29 13:57:06,84.37,"{'x': 650765, 'y': 5715261, 'spatialReference': {'wkid': 32718, 'latestWkid': 32718}}"
684,3419,chapo_cap1,2021-10-29 13:58:06,83.77,"{'x': 650765, 'y': 5715261, 'spatialReference': {'wkid': 32718, 'latestWkid': 32718}}"
685,3427,chapo_cap1,2021-10-29 13:59:06,83.51,"{'x': 650765, 'y': 5715261, 'spatialReference': {'wkid': 32718, 'latestWkid': 32718}}"
686,3441,chapo_cap1,2021-10-29 14:00:06,82.77,"{'x': 650765, 'y': 5715261, 'spatialReference': {'wkid': 32718, 'latestWkid': 32718}}"
687,3455,chapo_cap1,2021-10-29 14:01:06,82.02,"{'x': 650765, 'y': 5715261, 'spatialReference': {'wkid': 32718, 'latestWkid': 32718}}"
688,3467,chapo_cap1,2021-10-29 14:02:06,81.61,"{'x': 650765, 'y': 5715261, 'spatialReference': {'wkid': 32718, 'latestWkid': 32718}}"
689,3473,chapo_cap1,2021-10-29 14:03:06,81.47,"{'x': 650765, 'y': 5715261, 'spatialReference': {'wkid': 32718, 'latestWkid': 32718}}"
690,3480,chapo_cap1,2021-10-29 14:04:06,15.17,"{'x': 650765, 'y': 5715261, 'spatialReference': {'wkid': 32718, 'latestWkid': 32718}}"
691,3489,chapo_cap1,2021-10-29 14:05:06,80.22,"{'x': 650765, 'y': 5715261, 'spatialReference': {'wkid': 32718, 'latestWkid': 32718}}"
692,3499,chapo_cap1,2021-10-29 14:06:06,80.64,"{'x': 650765, 'y': 5715261, 'spatialReference': {'wkid': 32718, 'latestWkid': 32718}}"
693,3509,chapo_cap1,2021-10-29 14:07:06,80.63,"{'x': 650765, 'y': 5715261, 'spatialReference': {'wkid': 32718, 'latestWkid': 32718}}"
694,3516,chapo_cap1,2021-10-29 14:08:06,80.38,"{'x': 650765, 'y': 5715261, 'spatialReference': {'wkid': 32718, 'latestWkid': 32718}}"
695,3523,chapo_cap1,2021-10-29 14:09:06,79.96,"{'x': 650765, 'y': 5715261, 'spatialReference': {'wkid': 32718, 'latestWkid': 32718}}"
696,3533,chapo_cap1,2021-10-29 14:00:00,79.67,"{'x': 650765, 'y': 5715261, 'spatialReference': {'wkid': 32718, 'latestWkid': 32718}}"
697,3544,chapo_cap1,2021-10-29 14:00:00,78.25,"{'x': 650765, 'y': 5715261, 'spatialReference': {'wkid': 32718, 'latestWkid': 32718}}"
698,3551,chapo_cap1,2021-10-29 14:12:06,77.52,"{'x': 650765, 'y': 5715261, 'spatialReference': {'wkid': 32718, 'latestWkid': 32718}}"
699,3555,chapo_cap1,2021-10-29 14:13:06,77.06,"{'x': 650765, 'y': 5715261, 'spatialReference': {'wkid': 32718, 'latestWkid': 32718}}"
700,3563,chapo_cap1,2021-10-29 14:14:06,76.69,"{'x': 650765, 'y': 5715261, 'spatialReference': {'wkid': 32718, 'latestWkid': 32718}}"
701,3571,chapo_cap1,2021-10-29 14:15:06,76.27,"{'x': 650765, 'y': 5715261, 'spatialReference': {'wkid': 32718, 'latestWkid': 32718}}"
702,3581,chapo_cap1,2021-10-29 14:16:06,75.94,"{'x': 650765, 'y': 5715261, 'spatialReference': {'wkid': 32718, 'latestWkid': 32718}}"
703,3587,chapo_cap1,2021-10-29 14:17:06,75.47,"{'x': 650765, 'y': 5715261, 'spatialReference': {'wkid': 32718, 'latestWkid': 32718}}"
704,3596,chapo_cap1,2021-10-29 14:18:06,74.91,"{'x': 650765, 'y': 5715261, 'spatialReference': {'wkid': 32718, 'latestWkid': 32718}}"
705,3605,chapo_cap1,2021-10-29 14:19:06,80.29,"{'x': 650765, 'y': 5715261, 'spatialReference': {'wkid': 32718, 'latestWkid': 32718}}"
706,3613,chapo_cap1,2021-10-29 14:20:06,84.06,"{'x': 650765, 'y': 5715261, 'spatialReference': {'wkid': 32718, 'latestWkid': 32718}}"
707,3625,chapo_cap1,2021-10-29 14:21:06,85.62,"{'x': 650765, 'y': 5715261, 'spatialReference': {'wkid': 32718, 'latestWkid': 32718}}"
708,3631,chapo_cap1,2021-10-29 14:22:06,86.84,"{'x': 650765, 'y': 5715261, 'spatialReference': {'wkid': 32718, 'latestWkid': 32718}}"
709,3639,chapo_cap1,2021-10-29 14:23:06,87.69,"{'x': 650765, 'y': 5715261, 'spatialReference': {'wkid': 32718, 'latestWkid': 32718}}"
710,3647,chapo_cap1,2021-10-29 14:24:06,88.99,"{'x': 650765, 'y': 5715261, 'spatialReference': {'wkid': 32718, 'latestWkid': 32718}}"
711,3655,chapo_cap1,2021-10-29 14:25:06,88.74,"{'x': 650765, 'y': 5715261, 'spatialReference': {'wkid': 32718, 'latestWkid': 32718}}"
712,3659,chapo_cap1,2021-10-29 14:26:06,88.07,"{'x': 650765, 'y': 5715261, 'spatialReference': {'wkid': 32718, 'latestWkid': 32718}}"
713,3669,chapo_cap1,2021-10-29 14:27:06,87.82,"{'x': 650765, 'y': 5715261, 'spatialReference': {'wkid': 32718, 'latestWkid': 32718}}"
714,3673,chapo_cap1,2021-10-29 14:28:06,87.47,"{'x': 650765, 'y': 5715261, 'spatialReference': {'wkid': 32718, 'latestWkid': 32718}}"
715,3679,chapo_cap1,2021-10-29 14:29:06,87.35,"{'x': 650765, 'y': 5715261, 'spatialReference': {'wkid': 32718, 'latestWkid': 32718}}"
716,3687,chapo_cap1,2021-10-29 14:30:06,87.29,"{'x': 650765, 'y': 5715261, 'spatialReference': {'wkid': 32718, 'latestWkid': 32718}}"
717,3696,chapo_cap1,2021-10-29 14:31:06,86.93,"{'x': 650765, 'y': 5715261, 'spatialReference': {'wkid': 32718, 'latestWkid': 32718}}"
718,3702,chapo_cap1,2021-10-29 14:32:06,86.86,"{'x': 650765, 'y': 5715261, 'spatialReference': {'wkid': 32718, 'latestWkid': 32718}}"
719,3711,chapo_cap1,2021-10-29 14:33:06,86.75,"{'x': 650765, 'y': 5715261, 'spatialReference': {'wkid': 32718, 'latestWkid': 32718}}"
720,3719,chapo_cap1,2021-10-29 14:34:06,81.61,"{'x': 650765, 'y': 5715261, 'spatialReference': {'wkid': 32718, 'latestWkid': 32718}}"
721,3725,chapo_cap1,2021-10-29 14:35:06,83.0,"{'x': 650765, 'y': 5715261, 'spatialReference': {'wkid': 32718, 'latestWkid': 32718}}"
722,3735,chapo_cap1,2021-10-29 14:36:06,84.39,"{'x': 650765, 'y': 5715261, 'spatialReference': {'wkid': 32718, 'latestWkid': 32718}}"
723,3746,chapo_cap1,2021-10-29 14:37:06,85.24,"{'x': 650765, 'y': 5715261, 'spatialReference': {'wkid': 32718, 'latestWkid': 32718}}"
724,3755,chapo_cap1,2021-10-29 14:38:06,85.33,"{'x': 650765, 'y': 5715261, 'spatialReference': {'wkid': 32718, 'latestWkid': 32718}}"
725,3762,chapo_cap1,2021-10-29 14:39:06,84.83,"{'x': 650765, 'y': 5715261, 'spatialReference': {'wkid': 32718, 'latestWkid': 32718}}"
726,3769,chapo_cap1,2021-10-29 14:40:06,84.75,"{'x': 650765, 'y': 5715261, 'spatialReference': {'wkid': 32718, 'latestWkid': 32718}}"
727,3779,chapo_cap1,2021-10-29 14:41:06,84.2,"{'x': 650765, 'y': 5715261, 'spatialReference': {'wkid': 32718, 'latestWkid': 32718}}"
728,3789,chapo_cap1,2021-10-29 14:42:06,83.72,"{'x': 650765, 'y': 5715261, 'spatialReference': {'wkid': 32718, 'latestWkid': 32718}}"
